equipe,division,prenom,nom,nom_jeu,nat,nat_ioc,an,age,pla,mon,spr,chr,pun,end,pav,moy,pot,points_ranking,rang_pcs,points_carriere,specialite_pcs,score_pave,poids,taille,slug
alpecin-premier-tech-2026,WorldTeam,Jasper,PHILIPSEN,J. Philipsen,BE,BEL,1998,28,91,59,93,72,76,83,94,79,79,1924,6,12124,Sprint,480.8,75.0,1.76,jasper-philipsen
alpecin-premier-tech-2026,WorldTeam,Mathieu,VAN DER POEL,M. van der Poel,NL,NED,1995,31,89,63,80,77,80,84,94,79,79,1500,11,12443,Oneday,960.5,75.0,1.84,mathieu-van-der-poel
alpecin-premier-tech-2026,WorldTeam,Tibor,DEL GROSSO,T. Del Grosso,NL,NED,2003,23,70,63,65,63,75,73,73,68,71,378,157,1005,Hills,54.4,70.0,1.9,tibor-del-grosso
alpecin-premier-tech-2026,WorldTeam,Gerben,THIJSSEN,G. Thijssen,BE,BEL,1998,28,82,48,87,62,65,73,70,70,70,327,185,2645,Sprint,0.0,74.0,1.74,gerben-thijssen
alpecin-premier-tech-2026,WorldTeam,Emiel,VERSTRYNGE,E. Verstrynge,BE,BEL,2002,24,59,77,48,65,69,76,54,66,68,281,235,419,Climber,0.0,69.0,1.89,emiel-verstrynge
alpecin-premier-tech-2026,WorldTeam,Ramses,DEBRUYNE,R. Debruyne,BE,BEL,2002,24,57,77,47,63,69,75,53,65,67,258,263,359,Climber,0.0,66.0,1.79,ramses-debruyne
alpecin-premier-tech-2026,WorldTeam,Francesco,BUSATTO,F. Busatto,IT,ITA,2002,24,66,65,62,60,77,70,66,67,69,214,309,827,Hills,11.8,62.0,1.72,francesco-busatto
alpecin-premier-tech-2026,WorldTeam,Jensen,PLOWRIGHT,J. Plowright,AU,AUS,2000,26,78,43,84,59,59,69,66,65,65,206,328,627,Sprint,0.0,80.0,1.76,jensen-plowright
alpecin-premier-tech-2026,WorldTeam,Henri,UHLIG,H. Uhlig,DE,GER,2001,25,67,57,63,59,70,68,60,64,64,192,353,465,Hills,0.0,69.0,1.8,henri-uhlig
alpecin-premier-tech-2026,WorldTeam,Edward,PLANCKAERT,E. Planckaert,BE,BEL,1995,31,76,49,70,62,65,70,70,65,65,141,443,1044,Oneday,16.8,71.0,1.78,edward-planckaert
alpecin-premier-tech-2026,WorldTeam,Gal,GLIVAR,G. Glivar,SI,SLO,2002,24,63,63,58,59,73,69,58,64,66,138,451,377,Hills,0.0,64.0,1.71,gal-glivar
alpecin-premier-tech-2026,WorldTeam,Simon,DEHAIRS,S. Dehairs,BE,BEL,2001,25,77,40,83,57,56,68,65,64,64,120,499,603,Sprint,0.0,82.0,1.92,simon-dehairs
alpecin-premier-tech-2026,WorldTeam,Senna,REMIJN,S. Remijn,NL,NED,2006,20,69,50,61,59,64,67,63,62,69,109,533,126,Oneday,0.0,68.0,1.87,senna-remijn
alpecin-premier-tech-2026,WorldTeam,Luca,VERGALLITO,L. Vergallito,IT,ITA,1997,29,59,75,44,67,65,74,53,64,64,86,621,414,GC,0.0,67.0,1.9,luca-vergallito
alpecin-premier-tech-2026,WorldTeam,Jonas,RICKAERT,J. Rickaert,BE,BEL,1994,32,77,42,68,63,59,69,64,63,63,82,638,1191,Oneday,0.0,88.0,1.9,jonas-rickaert
alpecin-premier-tech-2026,WorldTeam,Jonas,GEENS,J. Geens,BE,BEL,1999,27,62,64,49,66,61,70,58,62,62,81,644,207,GC,9.7,78.0,1.83,jonas-geens
alpecin-premier-tech-2026,WorldTeam,Sente,SENTJENS,S. Sentjens,BE,BEL,2005,21,74,38,79,56,56,65,65,61,67,72,686,190,Sprint,0.0,85.0,1.91,sente-sentjens
alpecin-premier-tech-2026,WorldTeam,Silvan,DILLIER,S. Dillier,CH,SUI,1990,36,70,47,60,61,60,67,59,61,61,70,691,2939,Oneday,0.0,75.0,1.83,silvan-dillier
alpecin-premier-tech-2026,WorldTeam,Tim,MARSMAN,T. Marsman,NL,NED,2000,26,72,43,74,58,56,66,61,62,62,65,724,232,Sprint,0.0,75.0,1.91,tim-marsman
alpecin-premier-tech-2026,WorldTeam,Tobias,BAYER,T. Bayer,AT,AUT,1999,27,71,52,63,62,64,70,61,64,64,65,723,510,Oneday,0.0,70.0,1.87,tobias-bayer
alpecin-premier-tech-2026,WorldTeam,Florian,SÉNÉCHAL,F. Sénéchal,FR,FRA,1993,33,76,46,68,62,64,69,70,64,64,59,764,4287,Oneday,22.7,77.0,1.79,florian-senechal
alpecin-premier-tech-2026,WorldTeam,Michael,GOGL,M. Gogl,AT,AUT,1993,33,69,52,59,60,64,68,59,62,62,58,774,1199,Oneday,0.0,71.0,1.86,michael-gogl
alpecin-premier-tech-2026,WorldTeam,Hugo,HOULE,H. Houle,CA,CAN,1990,36,58,62,44,63,59,68,51,59,59,42,898,2342,GC,0.0,72.0,1.82,hugo-houle
alpecin-premier-tech-2026,WorldTeam,Johan,PRICE-PEJTERSEN,J. Price-Pejtersen,DK,DEN,1999,27,69,50,47,78,54,69,57,61,61,37,960,320,TT,0.0,83.0,1.91,johan-price-pejtersen
alpecin-premier-tech-2026,WorldTeam,Maurice,BALLERSTEDT,M. Ballerstedt,DE,GER,2001,25,70,43,62,58,59,65,59,60,60,23,1182,303,Oneday,0.0,76.0,1.87,maurice-ballerstedt
alpecin-premier-tech-2026,WorldTeam,Oscar,RIESEBEEK,O. Riesebeek,NL,NED,1992,34,69,44,59,58,58,65,58,59,59,20,1240,1204,Oneday,0.0,78.0,1.91,oscar-riesebeek
alpecin-premier-tech-2026,WorldTeam,Kaden,GROVES,K. Groves,AU,AUS,1998,28,68,53,66,58,68,67,61,63,63,14,1486,3384,Hills,0.0,76.0,1.76,kaden-groves
alpecin-premier-tech-2026,WorldTeam,Aaron,DOCKX,A. Dockx,BE,BEL,2004,22,47,70,38,55,60,67,47,56,60,14,1499,80,Climber,0.0,56.0,1.73,aaron-dockx
alpecin-premier-tech-2026,WorldTeam,Lennert,BELMANS,L. Belmans,BE,BEL,2002,24,63,39,55,51,53,59,52,53,55,10,1656,12,Oneday,0.0,72.0,1.89,lennert-belmans
alpecin-premier-tech-2026,WorldTeam,Lindsay,DE VYLDER,L. de Vylder,BE,BEL,1995,31,67,40,61,53,56,62,56,56,56,0,,176,Oneday,0.0,70.0,1.83,lindsay-de-vylder
bahrain-victorious-2026,WorldTeam,Lenny,MARTINEZ,L. Martinez,FR,FRA,2003,23,65,93,54,74,81,87,68,76,81,1556,9,3868,Climber,23,52.0,1.68,lenny-martinez
bahrain-victorious-2026,WorldTeam,Pello,BILBAO,P. Bilbao,ES,ESP,1990,36,62,84,50,70,74,81,66,70,70,665,68,9172,Climber,39.6,60.0,1.74,pello-bilbao
bahrain-victorious-2026,WorldTeam,Afonso,EULÁLIO,A. Eulálio,PT,POR,2001,25,60,82,49,68,73,80,59,69,69,584,81,808,Climber,2.8,62.0,1.74,afonso-eulalio
bahrain-victorious-2026,WorldTeam,Antonio,TIBERI,A. Tiberi,IT,ITA,2001,25,66,82,51,74,72,81,60,71,71,539,96,2605,GC,0.0,62.0,1.82,antonio-tiberi
bahrain-victorious-2026,WorldTeam,Santiago,BUITRAGO,S. Buitrago,CO,COL,1999,27,62,86,51,71,76,83,59,72,72,513,98,3472,Climber,0.0,59.0,1.74,santiago-buitrago-sanchez
bahrain-victorious-2026,WorldTeam,Edoardo,ZAMBANINI,E. Zambanini,IT,ITA,2001,25,68,70,63,64,79,75,64,70,70,473,114,1535,Hills,0.0,62.0,1.81,edoardo-zambanini
bahrain-victorious-2026,WorldTeam,Alec,SEGAERT,A. Segaert,BE,BEL,2003,23,76,57,59,80,64,76,76,69,74,407,145,1404,TT,99.4,79.0,1.88,alec-segaert
bahrain-victorious-2026,WorldTeam,Matej,MOHORIČ,M. Mohorič,SI,SLO,1994,32,78,59,69,68,72,76,81,70,70,331,182,7217,Oneday,148.3,71.0,1.86,matej-mohoric
bahrain-victorious-2026,WorldTeam,Damiano,CARUSO,D. Caruso,IT,ITA,1987,39,59,76,45,67,66,74,53,64,64,303,206,7929,GC,0.0,67.0,1.79,damiano-caruso
bahrain-victorious-2026,WorldTeam,Pau,MIQUEL,P. Miquel,ES,ESP,2000,26,68,63,64,61,77,71,69,67,67,300,212,967,Hills,22.3,65.0,1.8,pau-miquel-delgado
bahrain-victorious-2026,WorldTeam,Jakob,OMRZEL,J. Omrzel,SI,SLO,2006,20,60,78,47,69,68,76,58,66,73,294,219,459,GC,0.0,62.0,1.85,jakob-omrzel
bahrain-victorious-2026,WorldTeam,Phil,BAUHAUS,P. Bauhaus,DE,GER,1994,32,79,45,85,60,63,70,72,67,67,178,376,3842,Sprint,8.7,75.0,1.84,phil-bauhaus
bahrain-victorious-2026,WorldTeam,Žak,ERŽEN,Ž. Eržen,SI,SLO,2005,21,74,47,69,60,63,69,66,64,70,157,410,216,Oneday,0.0,,,zak-erzen
bahrain-victorious-2026,WorldTeam,Matevž,GOVEKAR,M. Govekar,SI,SLO,2000,26,67,56,64,59,70,68,70,64,64,127,476,657,Hills,58.9,73.0,1.8,matevz-govekar
bahrain-victorious-2026,WorldTeam,Attila,VALTER,A. Valter,HU,HUN,1998,28,60,78,48,67,69,78,60,67,67,116,515,2366,Climber,11.6,65.0,1.85,attila-valter
bahrain-victorious-2026,WorldTeam,Vlad,VAN MECHELEN,V. van Mechelen,BE,BEL,2004,22,72,48,75,59,61,68,67,64,68,114,523,261,Sprint,13.7,73.0,1.83,vlad-van-mechelen
bahrain-victorious-2026,WorldTeam,Alessandro,BORGO,A. Borgo,IT,ITA,2005,21,71,43,76,54,58,65,63,61,67,100,561,143,Sprint,3.2,,1.83,alessandro-borgo
bahrain-victorious-2026,WorldTeam,Daniel,SKERL,D. Skerl,IT,ITA,2003,23,75,39,82,55,55,65,63,62,65,92,591,182,Sprint,0.0,80.0,1.77,daniel-skerl
bahrain-victorious-2026,WorldTeam,Robert,STANNARD,R. Stannard,AU,AUS,1998,28,64,61,60,59,72,68,63,64,64,83,633,567,Hills,10.8,74.0,1.79,robert-stannard
bahrain-victorious-2026,WorldTeam,Fran,MIHOLJEVIĆ,F. Miholjević,HR,CRO,2002,24,62,67,46,68,62,72,54,63,65,65,726,354,GC,0.0,72.0,1.89,fran-miholjevic
bahrain-victorious-2026,WorldTeam,Alberto,BRUTTOMESSO,A. Bruttomesso,IT,ITA,2003,23,71,43,77,54,58,65,61,61,64,65,727,205,Sprint,0.0,,1.79,alberto-bruttomesso
bahrain-victorious-2026,WorldTeam,Roman,ERMAKOV,R. Ermakov,SI,SLO,2004,22,70,48,60,59,61,67,61,61,65,62,749,124,Oneday,1.6,,,roman-ermakov
bahrain-victorious-2026,WorldTeam,Mathijs,PAASSCHENS,M. Paasschens,NL,NED,1996,30,64,64,51,67,62,72,56,63,63,60,755,468,GC,0.0,75.0,1.88,mathijs-paasschens
bahrain-victorious-2026,WorldTeam,Kamil,GRADEK,K. Gradek,PL,POL,1990,36,67,48,47,73,53,67,57,59,59,55,797,1102,TT,1.6,83.0,1.94,kamil-gradek
bahrain-victorious-2026,WorldTeam,Rainer,KEPPLINGER,R. Kepplinger,AT,AUT,1997,29,58,68,42,66,60,70,51,61,61,22,1209,406,GC,0.0,70.0,1.79,rainer-kepplinger
bahrain-victorious-2026,WorldTeam,Oliver,STOCKWELL,O. Stockwell,GB,GBR,2002,24,56,55,51,52,65,61,51,57,59,20,1255,69,Hills,0.0,,1.82,oliver-stockwell
bahrain-victorious-2026,WorldTeam,Nikias,ARNDT,N. Arndt,DE,GER,1991,35,62,53,56,57,65,64,55,60,60,15,1411,3151,Hills,0.0,77.5,1.87,nikias-arndt
bahrain-victorious-2026,WorldTeam,Max,VAN DER MEULEN,M. van der Meulen,NL,NED,2004,22,54,52,49,49,62,59,52,54,58,5,2021,55,Hills,0.0,67.0,1.83,max-van-der-meulen
decathlon-cma-cgm-team-2026,WorldTeam,Paul,SEIXAS,P. Seixas,FR,FRA,2006,20,67,89,55,76,79,87,71,76,85,2136,5,2381,Climber,44.7,64.0,1.86,paul-seixas
decathlon-cma-cgm-team-2026,WorldTeam,Felix,GALL,F. Gall,AT,AUT,1998,28,65,93,53,76,79,88,62,76,76,1339,16,4120,Climber,0.0,66.0,1.8,felix-gall
decathlon-cma-cgm-team-2026,WorldTeam,Tobias Lund,ANDRESEN,T. L. Andresen,DK,DEN,2002,24,84,57,78,70,74,78,87,74,78,1231,20,2656,Oneday,174.4,69.0,1.81,tobias-lund-andresen
decathlon-cma-cgm-team-2026,WorldTeam,Olav,KOOIJ,O. Kooij,NL,NED,2001,25,86,55,91,68,70,79,86,75,75,1013,29,5538,Sprint,84.9,72.0,1.84,olav-kooij
decathlon-cma-cgm-team-2026,WorldTeam,Matthew,RICCITELLO,M. Riccitello,US,USA,2002,24,61,90,49,71,76,84,58,72,76,893,41,1753,Climber,0.0,55.0,1.72,matthew-riccitello
decathlon-cma-cgm-team-2026,WorldTeam,Paul,LAPEIRA,P. Lapeira,FR,FRA,2000,26,78,60,70,68,74,76,73,71,71,715,63,1784,Oneday,11.8,64.0,1.76,paul-lapeira
decathlon-cma-cgm-team-2026,WorldTeam,Léo,BISIAUX,L. Bisiaux,FR,FRA,2005,21,58,81,47,66,71,78,57,67,73,366,163,601,Climber,0.0,58.0,1.81,leo-bisiaux
decathlon-cma-cgm-team-2026,WorldTeam,Noa,ISIDORE,N. Isidore,FR,FRA,2004,22,68,63,62,62,74,71,65,67,71,355,169,555,Hills,0.0,67.0,1.8,noa-isidore
decathlon-cma-cgm-team-2026,WorldTeam,Gregor,MÜHLBERGER,G. Mühlberger,AT,AUT,1994,32,63,79,50,70,70,78,58,68,68,308,202,2560,GC,0.0,64.0,1.8,gregor-muhlberger
decathlon-cma-cgm-team-2026,WorldTeam,Nicolas,PRODHOMME,N. Prodhomme,FR,FRA,1997,29,62,80,49,70,71,78,57,68,68,300,211,1565,GC,0.0,63.0,1.74,nicolas-prodhomme
decathlon-cma-cgm-team-2026,WorldTeam,Pierre,GAUTHERAT,P. Gautherat,FR,FRA,2003,23,78,51,70,65,67,73,77,67,70,291,225,1060,Oneday,72.4,70.0,1.77,pierre-gautherat
decathlon-cma-cgm-team-2026,WorldTeam,Tiesj,BENOOT,T. Benoot,BE,BEL,1994,32,77,60,68,68,72,76,81,70,70,285,229,8285,Oneday,198.8,72.0,1.9,tiesj-benoot
decathlon-cma-cgm-team-2026,WorldTeam,Antoine,L'HOTE,A. L'hote,FR,FRA,2005,21,65,67,53,69,64,74,58,65,71,282,234,387,GC,0.7,72.0,1.9,antoine-l-hote
decathlon-cma-cgm-team-2026,WorldTeam,Stan,DEWULF,S. Dewulf,BE,BEL,1997,29,78,54,69,67,69,74,77,68,68,272,246,1768,Oneday,62.1,74.0,1.76,stan-dewulf
decathlon-cma-cgm-team-2026,WorldTeam,Aurélien,PARET-PEINTRE,A. Paret-Peintre,FR,FRA,1996,30,64,79,51,71,71,79,64,69,69,255,266,3057,GC,18.9,64.0,1.84,aurelien-paret-peintre
decathlon-cma-cgm-team-2026,WorldTeam,Tord,GUDMESTAD,T. Gudmestad,NO,NOR,2001,25,79,43,83,60,60,70,67,66,66,238,281,620,Sprint,0.0,82.0,1.88,tord-gudmestad
decathlon-cma-cgm-team-2026,WorldTeam,Daan,HOOLE,D. Hoole,NL,NED,1999,27,74,55,55,81,60,74,71,66,66,203,335,910,TT,52.8,84.0,1.98,daan-hoole
decathlon-cma-cgm-team-2026,WorldTeam,Cees,BOL,C. Bol,NL,NED,1995,31,80,46,82,64,63,71,79,68,68,185,363,2567,Sprint,71.6,83.0,1.94,cees-bol
decathlon-cma-cgm-team-2026,WorldTeam,Oliver,NAESEN,O. Naesen,BE,BEL,1990,36,75,49,66,62,66,70,78,65,65,167,395,6452,Oneday,227.1,74.0,1.84,oliver-naesen
decathlon-cma-cgm-team-2026,WorldTeam,Stefan,BISSEGGER,S. Bissegger,CH,SUI,1998,28,74,55,56,80,62,74,76,67,67,151,420,2048,TT,149.5,78.0,1.81,stefan-bissegger
decathlon-cma-cgm-team-2026,WorldTeam,Rasmus Søjberg,PEDERSEN,R. S. Pedersen,DK,DEN,2002,24,75,43,80,57,59,68,70,64,66,146,433,392,Sprint,22,74.0,1.82,rasmus-sojbergpedersen
decathlon-cma-cgm-team-2026,WorldTeam,Jordan,LABROSSE,J. Labrosse,FR,FRA,2002,24,64,61,59,59,73,68,65,64,66,119,504,360,Hills,24.9,65.0,1.78,jordan-labrosse
decathlon-cma-cgm-team-2026,WorldTeam,Sander,DE PESTEL,S. de Pestel,BE,BEL,1998,28,74,48,63,64,63,69,68,64,64,84,629,372,Oneday,17.3,73.0,1.84,sander-de-pestel
decathlon-cma-cgm-team-2026,WorldTeam,Oscar,CHAMBERLAIN,O. Chamberlain,AU,AUS,2005,21,67,52,49,74,56,69,59,61,67,78,660,109,TT,0.0,74.0,1.94,oscar-chamberlain
decathlon-cma-cgm-team-2026,WorldTeam,Callum,SCOTSON,C. Scotson,AU,AUS,1996,30,63,69,47,69,62,74,55,64,64,77,662,671,GC,0.0,77.0,1.83,callum-scotson
decathlon-cma-cgm-team-2026,WorldTeam,Gianluca,POLLEFLIET,G. Pollefliet,BE,BEL,2002,24,73,39,80,54,54,65,61,61,63,58,780,203,Sprint,0.0,74.0,1.8,gianluca-pollefliet
decathlon-cma-cgm-team-2026,WorldTeam,Johannes,STAUNE-MITTET,J. Staune-Mittet,NO,NOR,2002,24,59,73,45,67,64,74,53,64,66,55,801,621,GC,0.0,67.0,1.82,johannes-staune-mittet
decathlon-cma-cgm-team-2026,WorldTeam,Robbe,GHYS,R. Ghys,BE,BEL,1997,29,68,41,61,55,57,63,57,58,58,10,1626,448,Oneday,0.0,72.0,1.82,robbe-ghys
decathlon-cma-cgm-team-2026,WorldTeam,Émilien,JACQUELIN,É. Jacquelin,FR,FRA,1995,31,53,44,45,50,51,56,45,50,50,0,,0,,0.0,78.0,1.86,emilien-jacquelin
ef-education-easypost-2026,WorldTeam,Richard,CARAPAZ,R. Carapaz,EC,ECU,1993,33,67,90,56,75,80,87,64,76,76,1351,15,9521,Climber,0.7,62.0,1.7,richard-carapaz
ef-education-easypost-2026,WorldTeam,Alex,BAUDIN,A. Baudin,FR,FRA,2001,25,64,81,54,71,75,81,60,71,71,739,60,1674,Climber,0.0,64.0,1.83,alex-baudin
ef-education-easypost-2026,WorldTeam,Ben,HEALY,B. Healy,IE,IRL,2000,26,64,83,52,71,75,82,69,71,71,468,119,3172,Climber,65.3,62.0,1.75,ben-healy
ef-education-easypost-2026,WorldTeam,Markel,BELOKI,M. Beloki,ES,ESP,2005,21,62,77,47,70,67,76,59,66,72,397,153,436,GC,0.0,,1.83,markel-beloki
ef-education-easypost-2026,WorldTeam,Michael,VALGREN,M. Valgren,DK,DEN,1992,34,75,57,66,66,71,73,78,68,68,354,170,4997,Oneday,110.8,71.0,1.79,michael-valgren-andersen
ef-education-easypost-2026,WorldTeam,Georg,STEINHAUSER,G. Steinhauser,DE,GER,2001,25,60,79,49,68,70,79,56,68,68,313,196,995,Climber,0.0,70.0,1.89,georg-steinhauser
ef-education-easypost-2026,WorldTeam,Mikkel Frølich,HONORÉ,M. F. Honoré,DK,DEN,1997,29,75,59,66,66,71,74,69,68,68,296,216,2202,Oneday,7.1,68.0,1.85,mikkel-honore
ef-education-easypost-2026,WorldTeam,Noah,HOBBS,N. Hobbs,GB,GBR,2004,22,76,46,83,57,62,69,69,66,70,279,237,443,Sprint,0.0,67.0,1.75,noah-hobbs
ef-education-easypost-2026,WorldTeam,Luke,LAMPERTI,L. Lamperti,US,USA,2002,24,78,47,82,61,65,70,80,67,69,265,252,1241,Sprint,112,74.0,1.8,luke-lamperti
ef-education-easypost-2026,WorldTeam,Madis,MIHKELS,M. Mihkels,EE,EST,2003,23,78,49,72,64,66,72,78,67,70,242,274,1191,Oneday,89.7,75.0,1.84,madis-mihkels
ef-education-easypost-2026,WorldTeam,Lukas,NERURKAR,L. Nerurkar,GB,GBR,2003,23,66,65,60,61,76,71,61,66,69,238,282,729,Hills,0.0,,1.77,lukas-nerurkar
ef-education-easypost-2026,WorldTeam,Sean,QUINN,S. Quinn,US,USA,2000,26,62,75,49,69,67,75,56,66,66,213,311,670,GC,0.0,67.0,1.87,sean-quinn
ef-education-easypost-2026,WorldTeam,Jefferson Alexander,CEPEDA,J. A. Cepeda,EC,ECU,1998,28,60,81,46,68,69,77,55,67,67,189,355,1216,GC,0.0,56.0,1.64,jefferson-alexander-cepeda
ef-education-easypost-2026,WorldTeam,Marijn,VAN DEN BERG,M. van den Berg,NL,NED,1999,27,71,60,68,63,73,72,74,68,68,186,359,2179,Hills,69.8,73.0,1.82,marijn-van-den-berg
ef-education-easypost-2026,WorldTeam,Harry,SWEENY,H. Sweeny,AU,AUS,1998,28,65,69,51,70,65,74,59,66,66,182,372,777,GC,0.9,75.0,1.86,harry-sweeny
ef-education-easypost-2026,WorldTeam,Neilson,POWLESS,N. Powless,US,USA,1996,30,74,61,64,67,71,75,75,69,69,177,378,4945,Oneday,65,67.0,1.83,neilson-powless
ef-education-easypost-2026,WorldTeam,Vincenzo,ALBANESE,V. Albanese,IT,ITA,1996,30,69,63,65,62,76,72,74,68,68,168,394,2515,Hills,75.7,70.0,1.75,vincenzo-albanese
ef-education-easypost-2026,WorldTeam,Michael,LEONARD,M. Leonard,CA,CAN,2004,22,68,58,50,75,61,72,61,64,68,122,492,228,TT,0.0,65.0,1.77,michael-leonard1
ef-education-easypost-2026,WorldTeam,James,SHAW,J. Shaw,GB,GBR,1996,30,59,75,46,67,66,74,54,64,64,118,508,991,GC,0.0,63.0,1.79,james-shaw
ef-education-easypost-2026,WorldTeam,Jardi Christiaan,VAN DER LEE,J. C. van der Lee,NL,NED,2001,25,59,72,45,66,64,73,53,63,63,115,520,196,GC,0.0,,1.85,jardi-christiaan-van-der-lee
ef-education-easypost-2026,WorldTeam,Kasper,ASGREEN,K. Asgreen,DK,DEN,1995,31,73,57,57,78,64,74,69,67,67,105,540,4182,TT,22.2,75.0,1.93,kasper-asgreen
ef-education-easypost-2026,WorldTeam,Max,WALKER,M. Walker,GB,GBR,2001,25,68,54,50,74,58,70,57,62,62,67,709,289,TT,0.0,,,max-walker
ef-education-easypost-2026,WorldTeam,Darren,RAFFERTY,D. Rafferty,IE,IRL,2003,23,65,58,49,72,62,71,57,63,66,63,743,362,TT,0.0,65.0,1.76,darren-rafferty
ef-education-easypost-2026,WorldTeam,Juan Felipe,RODRIGUEZ,J. F. Rodriguez,CO,COL,2003,23,56,70,42,63,61,70,50,60,63,59,772,98,GC,0.0,,,juan-felipe-rodriguez
ef-education-easypost-2026,WorldTeam,Archie,RYAN,A. Ryan,IE,IRL,2001,25,55,78,45,62,69,74,52,64,64,47,858,773,Climber,0.0,56.0,1.72,archie-ryan
ef-education-easypost-2026,WorldTeam,Colby,SIMMONS,C. Simmons,US,USA,2003,23,70,42,75,53,56,64,60,60,63,45,876,150,Sprint,0.0,68.0,1.85,colby-simmons
ef-education-easypost-2026,WorldTeam,Alastair,MACKELLAR,A. Mackellar,AU,AUS,2002,24,63,53,47,69,57,67,54,59,61,42,901,120,TT,0.0,69.0,1.84,alastair-mackellar
ef-education-easypost-2026,WorldTeam,Matthias,SCHWARZBACHER,M. Schwarzbacher,SK,SVK,2005,21,65,48,49,68,53,65,57,58,64,28,1096,142,TT,0.0,72.0,1.83,matthias-schwarzbacher
ef-education-easypost-2026,WorldTeam,Samuele,BATTISTELLA,S. Battistella,IT,ITA,1998,28,61,61,55,57,71,67,56,62,62,19,1286,1423,Hills,0.0,67.0,1.8,samuele-battistella
ef-education-easypost-2026,WorldTeam,Filippo,AGOSTINACCHIO,F. Agostinacchio,IT,ITA,2003,23,55,52,52,49,63,59,50,55,58,13,1527,36,Hills,0.0,66.0,1.75,filippo-agostinacchio
ef-education-easypost-2026,WorldTeam,Mattia,AGOSTINACCHIO,M. Agostinacchio,IT,ITA,2007,19,52,47,44,49,53,56,48,50,58,0,,0,,0.0,67.0,1.75,mattia-agostinacchio
groupama-fdj-united-2026,WorldTeam,Romain,GRÉGOIRE,R. Grégoire,FR,FRA,2003,23,79,67,71,71,78,80,79,74,79,1174,22,3626,Oneday,49.8,64.0,1.76,romain-gregoire
groupama-fdj-united-2026,WorldTeam,Paul,PENHOËT,P. Penhoët,FR,FRA,2001,25,80,54,76,66,70,75,76,70,70,468,120,1984,Oneday,27.5,64.0,1.73,paul-penhoet
groupama-fdj-united-2026,WorldTeam,Thibaud,GRUEL,T. Gruel,FR,FRA,2004,22,70,64,64,65,75,73,71,68,74,454,125,961,Hills,36.7,70.0,1.8,thibaud-gruel
groupama-fdj-united-2026,WorldTeam,Ewen,COSTIOU,E. Costiou,FR,FRA,2002,24,66,75,52,71,70,77,59,68,72,417,140,1147,GC,0.0,64.0,1.76,ewen-costiou
groupama-fdj-united-2026,WorldTeam,Axel,HUENS,A. Huens,FR,FRA,2001,25,76,51,70,63,67,72,76,66,66,309,200,484,Oneday,72,,,axel-huens
groupama-fdj-united-2026,WorldTeam,Clément,BRAZ AFONSO,C. Braz Afonso,FR,FRA,1999,27,57,82,47,64,73,77,58,67,67,304,205,577,Climber,8.5,50.0,1.63,clement-braz-afonso
groupama-fdj-united-2026,WorldTeam,Guillaume,MARTIN,G. Martin,FR,FRA,1993,33,60,84,50,68,74,81,57,70,70,276,242,7844,Climber,0.0,55.0,1.73,guillaume-martin
groupama-fdj-united-2026,WorldTeam,Rémi,CAVAGNA,R. Cavagna,FR,FRA,1995,31,75,59,56,82,64,76,64,69,69,219,302,2841,TT,0.0,78.0,1.86,remi-cavagna
groupama-fdj-united-2026,WorldTeam,Valentin,MADOUAS,V. Madouas,FR,FRA,1996,30,77,60,68,67,73,76,79,70,70,215,306,5140,Oneday,104.9,71.0,1.79,valentin-madouas
groupama-fdj-united-2026,WorldTeam,Rudy,MOLARD,R. Molard,FR,FRA,1989,37,56,74,46,63,67,74,52,63,63,210,318,3787,Climber,0.0,62.0,1.78,rudy-molard
groupama-fdj-united-2026,WorldTeam,Clément,BERTHET,C. Berthet,FR,FRA,1997,29,61,78,49,67,70,78,56,67,67,207,326,1548,Climber,0.0,68.0,1.84,clement-berthet
groupama-fdj-united-2026,WorldTeam,David,GAUDU,D. Gaudu,FR,FRA,1996,30,60,87,50,69,76,82,57,71,71,206,327,6428,Climber,0.0,53.0,1.72,david-gaudu
groupama-fdj-united-2026,WorldTeam,Clément,RUSSO,C. Russo,FR,FRA,1995,31,78,49,71,65,65,72,73,67,67,195,347,1134,Oneday,27.1,74.0,1.87,clement-russo
groupama-fdj-united-2026,WorldTeam,Brieuc,ROLLAND,B. Rolland,FR,FRA,2003,23,55,79,45,63,69,75,52,64,67,182,375,385,Climber,0.0,59.0,1.79,brieuc-rolland
groupama-fdj-united-2026,WorldTeam,Maxime,DECOMBLE,M. Decomble,FR,FRA,2005,21,68,58,51,74,61,72,61,64,70,173,387,227,TT,0.0,62.0,1.74,maxime-decomble
groupama-fdj-united-2026,WorldTeam,Lorenzo,GERMANI,L. Germani,IT,ITA,2002,24,61,71,47,67,65,73,54,64,66,123,486,371,GC,0.0,62.0,1.79,lorenzo-germani
groupama-fdj-united-2026,WorldTeam,Johan,JACOBS,J. Jacobs,CH,SUI,1997,29,75,48,65,63,64,70,69,64,64,119,502,475,Oneday,21.6,78.0,1.92,johan-jacobs
groupama-fdj-united-2026,WorldTeam,Josh,KENCH,J. Kench,NZ,NZL,2001,25,61,70,47,67,63,73,54,64,64,100,560,244,GC,0.0,,,josh-kench
groupama-fdj-united-2026,WorldTeam,Cyril,BARTHE,C. Barthe,FR,FRA,1996,30,66,58,62,59,70,69,62,64,64,100,559,769,Hills,3,70.0,1.84,cyril-barthe
groupama-fdj-united-2026,WorldTeam,Bastien,TRONCHON,B. Tronchon,FR,FRA,2002,24,72,51,64,62,65,69,65,64,66,99,563,855,Oneday,6.2,72.0,1.85,bastien-tronchon
groupama-fdj-united-2026,WorldTeam,Tom,DONNENWIRTH,T. Donnenwirth,FR,FRA,1998,28,63,63,58,59,73,69,58,64,64,98,564,373,Hills,0.0,63.0,1.78,tom-donnenwirth
groupama-fdj-united-2026,WorldTeam,Quentin,PACHER,Q. Pacher,FR,FRA,1992,34,61,65,56,58,73,69,57,64,64,97,565,2605,Hills,0.0,62.0,1.79,quentin-pacher
groupama-fdj-united-2026,WorldTeam,Rémy,ROCHAS,R. Rochas,FR,FRA,1996,30,58,75,46,64,68,73,53,64,64,86,620,1250,GC,0.0,51.0,1.64,remy-rochas
groupama-fdj-united-2026,WorldTeam,Kevin,GENIETS,K. Geniets,LU,LUX,1997,29,72,53,61,64,65,70,63,64,64,63,740,1210,Oneday,1.3,73.0,1.93,kevin-geniets
groupama-fdj-united-2026,WorldTeam,Enzo,PALENI,E. Paleni,FR,FRA,2002,24,60,67,46,66,61,71,55,62,64,59,769,292,GC,3.5,65.0,1.8,enzo-paleni
groupama-fdj-united-2026,WorldTeam,Lewis,BOWER,L. Bower,NZ,NZL,2004,22,68,39,75,49,54,61,61,58,62,38,952,98,Sprint,0.0,63.0,1.72,lewis-bower
groupama-fdj-united-2026,WorldTeam,Matteo,MILAN,M. Milan,IT,ITA,2003,23,67,37,74,49,53,60,57,57,60,33,1007,64,Sprint,0.0,,,matteo-milan
groupama-fdj-united-2026,WorldTeam,Olivier,LE GAC,O. Le Gac,FR,FRA,1993,33,65,43,56,55,57,62,56,56,56,6,1911,1180,Oneday,1.2,70.0,1.8,olivier-le-gac
groupama-fdj-united-2026,WorldTeam,Titouan,FONTAINE,T. Fontaine,FR,FRA,2005,21,55,42,39,61,46,57,48,50,56,0,,0,TT,0.0,70.0,1.83,titouan-fontaine
lidl-trek-2026,WorldTeam,Mattias,SKJELMOSE,M. Skjelmose,DK,DEN,2000,26,71,88,59,78,80,88,66,77,77,1546,10,6230,Climber,0.0,65.0,1.8,mattias-skjelmose-jensen
lidl-trek-2026,WorldTeam,Mads,PEDERSEN,M. Pedersen,DK,DEN,1995,31,89,60,81,76,77,83,94,78,78,1242,19,11406,Oneday,711.2,76.0,1.8,mads-pedersen
lidl-trek-2026,WorldTeam,Juan,AYUSO,J. Ayuso,ES,ESP,2002,24,68,89,56,77,79,87,64,76,80,1220,21,5535,Climber,0.0,65.0,1.83,juan-ayuso-pesquera
lidl-trek-2026,WorldTeam,Giulio,CICCONE,G. Ciccone,IT,ITA,1994,32,64,92,54,73,80,86,61,75,75,1008,31,6373,Climber,0.0,58.0,1.76,giulio-ciccone
lidl-trek-2026,WorldTeam,Jonathan,MILAN,J. Milan,IT,ITA,2000,26,86,50,91,68,67,76,87,73,73,828,52,4080,Sprint,163,84.0,1.94,jonathan-milan
lidl-trek-2026,WorldTeam,Quinn,SIMMONS,Q. Simmons,US,USA,2001,25,70,71,64,66,80,76,65,71,71,630,70,1996,Hills,0.0,73.0,1.85,quinn-simmons
lidl-trek-2026,WorldTeam,Derek,GEE-WEST,D. Gee-West,CA,CAN,1997,29,65,83,51,74,72,83,60,71,71,597,73,2515,Climber,0.0,72.0,1.89,derek-gee
lidl-trek-2026,WorldTeam,Toms,SKUJIŅŠ,T. Skujiņš,LV,LAT,1991,35,74,58,65,66,70,74,78,68,68,461,122,4896,Oneday,180.7,72.0,1.81,toms-skujins
lidl-trek-2026,WorldTeam,Mathias,VACEK,M. Vacek,CZ,CZE,2002,24,75,61,60,80,67,77,72,70,74,430,134,1918,TT,28,75.0,1.88,mathias-vacek
lidl-trek-2026,WorldTeam,Jakob,SÖDERQVIST,J. Söderqvist,SE,SWE,2003,23,75,57,56,82,61,76,63,68,71,389,154,797,TT,0.0,83.0,1.91,jakob-soderqvist
lidl-trek-2026,WorldTeam,Albert,WITHEN PHILIPSEN,A. Withen Philipsen,DK,DEN,2006,20,73,58,63,65,69,73,66,67,74,349,174,595,Oneday,3.5,,1.84,albert-withen-philipsen
lidl-trek-2026,WorldTeam,Matteo,SOBRERO,M. Sobrero,IT,ITA,1997,29,71,65,55,78,68,76,64,69,69,310,197,1756,TT,1.6,63.0,1.77,matteo-sobrero
lidl-trek-2026,WorldTeam,Andrea,BAGIOLI,A. Bagioli,IT,ITA,1999,27,73,64,65,65,74,75,65,69,69,287,227,2762,Oneday,0.0,60.0,1.76,andrea-bagioli
lidl-trek-2026,WorldTeam,Søren,KRAGH ANDERSEN,S. Kragh Andersen,DK,DEN,1994,32,76,59,61,79,67,76,69,70,70,275,244,4630,TT,5.2,73.0,1.78,soren-kragh-andersen
lidl-trek-2026,WorldTeam,Max,WALSCHEID,M. Walscheid,DE,GER,1993,33,81,44,82,65,60,71,77,67,67,266,251,3429,Sprint,50.4,91.0,1.99,max-walscheid
lidl-trek-2026,WorldTeam,Carlos,VERONA,C. Verona,ES,ESP,1992,34,60,77,46,68,67,76,54,66,66,241,276,2687,GC,0.0,68.0,1.86,carlos-verona
lidl-trek-2026,WorldTeam,Bauke,MOLLEMA,B. Mollema,NL,NED,1986,40,57,76,46,65,68,75,54,64,64,239,279,14560,Climber,1.1,64.0,1.84,bauke-mollema
lidl-trek-2026,WorldTeam,Tim Torn,TEUTENBERG,T. T. Teutenberg,DE,GER,2002,24,76,47,82,59,62,70,70,66,68,226,292,780,Sprint,8.5,,1.83,tim-torn-teutenberg
lidl-trek-2026,WorldTeam,Julien,BERNARD,J. Bernard,FR,FRA,1992,34,59,73,46,66,65,73,53,64,64,151,419,1293,GC,0.0,60.0,1.76,julien-bernard
lidl-trek-2026,WorldTeam,Amanuel,GHEBREIGZABHIER,A. Ghebreigzabhier,ER,ERI,1994,32,62,72,49,68,64,75,55,65,65,119,501,1554,GC,0.0,68.0,1.87,amanuel-ghebreigzabhier
lidl-trek-2026,WorldTeam,Tao,GEOGHEGAN HART,T. Geoghegan Hart,GB,GBR,1995,31,61,79,46,71,67,77,55,67,67,89,603,4131,GC,0.0,65.0,1.83,tao-geoghegan-hart
lidl-trek-2026,WorldTeam,Sam,OOMEN,S. Oomen,NL,NED,1995,31,62,77,48,69,68,76,56,67,67,84,625,2909,GC,0.0,65.0,1.77,sam-oomen
lidl-trek-2026,WorldTeam,Edward,THEUNS,E. Theuns,BE,BEL,1991,35,74,45,68,60,61,68,66,63,63,84,626,4705,Oneday,5.6,72.0,1.83,edward-theuns
lidl-trek-2026,WorldTeam,Jacopo,MOSCA,J. Mosca,IT,ITA,1993,33,62,60,57,57,70,67,57,62,62,83,630,1169,Hills,0.0,65.0,1.73,jacopo-mosca
lidl-trek-2026,WorldTeam,Patrick,KONRAD,P. Konrad,AT,AUT,1991,35,56,74,44,63,66,73,51,63,63,60,752,5062,Climber,0.0,64.0,1.81,patrick-konrad
lidl-trek-2026,WorldTeam,Simone,CONSONNI,S. Consonni,IT,ITA,1994,32,72,48,68,58,64,68,69,63,63,51,828,2982,Oneday,28.9,60.0,1.65,simone-consonni
lidl-trek-2026,WorldTeam,Thibau,NYS,T. Nys,BE,BEL,2002,24,62,65,57,58,74,69,58,64,66,49,843,1567,Hills,0.0,64.0,1.76,thibau-nys
lidl-trek-2026,WorldTeam,Lennard,KÄMNA,L. Kämna,DE,GER,1996,30,56,79,43,65,67,75,55,64,64,44,880,2643,Climber,6.1,65.0,1.81,lennard-kamna
lidl-trek-2026,WorldTeam,Mathias,SUNEKÆR NORSGAARD,M. Sunekær Norsgaard,DK,DEN,1997,29,72,49,53,77,56,70,66,63,63,40,926,662,TT,26.7,88.0,2.02,mathias-norsgaard
lidl-trek-2026,WorldTeam,Otto,VERGAERDE,O. Vergaerde,BE,BEL,1994,32,70,45,61,59,60,66,59,60,60,30,1036,419,Oneday,0.0,74.0,1.81,otto-vergaerde
lotto-intermarche-2026,WorldTeam,Arnaud,DE LIE,A. de Lie,BE,BEL,2002,24,89,58,82,74,77,82,88,77,81,1486,12,6561,Oneday,86.5,78.0,1.82,arnaud-de-lie
lotto-intermarche-2026,WorldTeam,Steffen,DE SCHUYTENEER,S. de Schuyteneer,BE,BEL,2005,21,79,48,83,62,63,72,76,68,76,529,97,762,Sprint,44.5,74.0,1.84,steffen-de-schuyteneer
lotto-intermarche-2026,WorldTeam,Jenno,BERCKMOES,J. Berckmoes,BE,BEL,2001,25,77,58,69,67,72,75,79,70,70,467,121,1596,Oneday,99.8,61.0,1.77,jenno-berckmoes
lotto-intermarche-2026,WorldTeam,Lennert,VAN EETVELT,L. van Eetvelt,BE,BEL,2001,25,62,84,51,70,74,81,66,70,70,403,149,2284,Climber,37,63.0,1.76,lennert-van-eetvelt
lotto-intermarche-2026,WorldTeam,Georg,ZIMMERMANN,G. Zimmermann,DE,GER,1997,29,76,60,67,67,72,75,67,70,70,332,181,2310,Oneday,0.0,70.0,1.81,georg-zimmermann
lotto-intermarche-2026,WorldTeam,Huub,ARTZ,H. Artz,NL,NED,2002,24,69,61,63,63,72,71,65,66,68,321,190,594,Hills,3.2,71.0,1.86,huub-artz
lotto-intermarche-2026,WorldTeam,Matys,GRISEL,M. Grisel,FR,FRA,2005,21,74,46,79,57,60,68,70,64,70,293,221,307,Sprint,27.9,,,matys-grisel
lotto-intermarche-2026,WorldTeam,Milan,MENTEN,M. Menten,BE,BEL,1996,30,79,52,74,65,68,74,79,69,69,278,238,2501,Oneday,90.2,68.0,1.74,milan-menten
lotto-intermarche-2026,WorldTeam,Liam,SLOCK,L. Slock,BE,BEL,2000,26,66,68,53,69,65,74,63,66,66,252,269,519,GC,12.1,74.0,1.88,liam-slock
lotto-intermarche-2026,WorldTeam,Simone,GUALDI,S. Gualdi,IT,ITA,2005,21,68,58,60,60,69,70,62,64,70,245,271,352,Oneday,2,61.0,1.73,simone-gualdi
lotto-intermarche-2026,WorldTeam,Toon,AERTS,T. Aerts,BE,BEL,1993,33,65,58,59,60,69,68,62,63,63,202,336,568,Hills,4.5,72.0,1.88,toon-aerts
lotto-intermarche-2026,WorldTeam,Jarno,WIDAR,J. Widar,BE,BEL,2005,21,54,81,44,62,70,75,54,64,70,187,357,506,Climber,0.0,54.0,1.66,jarno-widar
lotto-intermarche-2026,WorldTeam,Vito,BRAET,V. Braet,BE,BEL,2000,26,74,50,68,61,66,70,74,65,65,164,400,761,Oneday,81.3,68.0,1.84,vito-braet
lotto-intermarche-2026,WorldTeam,Luca,VAN BOVEN,L. van Boven,BE,BEL,2000,26,72,50,65,61,66,69,67,64,64,142,439,587,Oneday,11.1,68.0,1.79,luca-van-boven
lotto-intermarche-2026,WorldTeam,Matthew,FOX,M. Fox,AU,AUS,2002,24,64,64,52,66,62,72,56,63,65,131,466,166,GC,0.0,71.0,1.75,matthew-fox2
lotto-intermarche-2026,WorldTeam,Lars,CRAPS,L. Craps,BE,BEL,2001,25,60,72,48,66,65,73,54,64,64,130,469,254,GC,0.0,67.0,1.85,lars-craps
lotto-intermarche-2026,WorldTeam,Baptiste,VEISTROFFER,B. Veistroffer,FR,FRA,2000,26,65,59,59,60,70,68,59,64,64,121,496,175,Hills,0.0,73.0,1.82,baptiste-veistroffer
lotto-intermarche-2026,WorldTeam,Mathieu,KOCKELMANN,M. Kockelmann,LU,LUX,2004,22,64,55,61,57,68,66,61,62,66,113,528,125,Hills,0.0,70.0,1.83,mathieu-kockelmann
lotto-intermarche-2026,WorldTeam,Jonas,RUTSCH,J. Rutsch,DE,GER,1998,28,75,47,64,65,63,70,73,64,64,83,632,924,Oneday,62.5,82.0,1.97,jonas-rutsch
lotto-intermarche-2026,WorldTeam,Lorenzo,ROTA,L. Rota,IT,ITA,1995,31,71,59,63,63,70,72,65,66,66,81,640,2980,Oneday,2.2,62.0,1.73,lorenzo-rota
lotto-intermarche-2026,WorldTeam,Cedric,BEULLENS,C. Beullens,BE,BEL,1997,29,76,45,68,62,62,69,70,64,64,71,689,789,Oneday,23.4,79.0,1.9,cedric-beullens
lotto-intermarche-2026,WorldTeam,Joshua,GIDDINGS,J. Giddings,GB,GBR,2003,23,69,41,74,54,55,64,59,60,63,54,808,100,Sprint,0.0,,1.95,joshua-giddings
lotto-intermarche-2026,WorldTeam,Sébastien,GRIGNARD,S. Grignard,BE,BEL,1999,27,71,48,61,60,63,68,62,62,62,52,822,296,Oneday,2,68.0,1.79,sebastien-grignard
lotto-intermarche-2026,WorldTeam,Reuben,THOMPSON,R. Thompson,NZ,NZL,2001,25,57,71,43,65,62,71,51,62,62,41,913,377,GC,0.0,66.0,1.83,reuben-thompson
lotto-intermarche-2026,WorldTeam,Jasper,DE BUYST,J. de Buyst,BE,BEL,1993,33,72,45,66,59,61,67,65,62,62,30,1038,2781,Oneday,8,72.0,1.79,jasper-de-buyst
lotto-intermarche-2026,WorldTeam,Roel,VAN SINTMAARTENSDIJK,R. van Sintmaartensdijk,NL,NED,2001,25,61,62,46,66,57,70,54,60,60,30,1047,247,GC,1.9,77.0,1.97,roel-van-sintmaartensdijk
lotto-intermarche-2026,WorldTeam,Felix,ØRN-KRISTOFF,F. Ørn-Kristoff,NO,NOR,2006,20,56,61,42,61,55,66,49,57,64,25,1149,56,GC,0.9,76.0,1.83,felix-orn-kristoff
lotto-intermarche-2026,WorldTeam,Lionel,TAMINIAUX,L. Taminiaux,BE,BEL,1996,30,75,44,70,59,61,68,69,63,63,24,1159,1426,Oneday,23,74.0,1.73,lionel-taminiaux
lotto-intermarche-2026,WorldTeam,Maxence,PLACE,M. Place,BE,BEL,2004,22,51,65,38,57,56,65,48,55,59,19,1294,27,GC,0.0,58.0,1.79,maxence-place
lotto-intermarche-2026,WorldTeam,Robin,ORINS,R. Orins,BE,BEL,2002,24,64,38,68,49,51,59,54,55,57,10,1647,54,Sprint,0.0,,1.9,robin-orins
lotto-intermarche-2026,WorldTeam,Taco,VAN DER HOORN,T. van der Hoorn,NL,NED,1993,33,70,42,64,56,57,65,63,59,59,10,1615,1850,Oneday,12.1,73.0,1.87,taco-van-der-hoorn
movistar-team-2026,WorldTeam,Natnael,TESFATSION,N. Tesfatsion,ER,ERI,1999,27,70,72,65,65,81,76,66,72,72,702,65,2262,Hills,0.0,60.0,1.75,natnael-tesfatsion
movistar-team-2026,WorldTeam,Iván,ROMEO,I. Romeo,ES,ESP,2003,23,69,75,54,77,69,80,62,71,76,643,69,1342,GC,0.0,75.0,1.93,ivan-romeo
movistar-team-2026,WorldTeam,Cian,UIJTDEBROEKS,C. Uijtdebroeks,BE,BEL,2003,23,65,84,50,74,72,81,59,71,76,595,75,1928,GC,0.0,68.0,1.85,cian-uijtdebroeks
movistar-team-2026,WorldTeam,Carlos,CANAL,C. Canal,ES,ESP,2001,25,70,65,64,65,77,73,73,69,69,436,131,1348,Hills,48.3,70.0,1.79,carlos-canal
movistar-team-2026,WorldTeam,Jon,BARRENETXEA,J. Barrenetxea,ES,ESP,2000,26,77,54,69,66,71,73,76,68,68,422,138,1037,Oneday,53.3,74.0,1.88,jon-barrenetxea-golzarri
movistar-team-2026,WorldTeam,Orluis,AULAR,O. Aular,VE,VEN,1996,30,72,66,68,66,77,75,74,71,71,408,144,2448,Hills,41.4,65.0,1.76,orluis-aular
movistar-team-2026,WorldTeam,Raúl,GARCÍA PIERNA,R. García Pierna,ES,ESP,2001,25,62,78,51,69,71,78,57,68,68,363,167,1004,Climber,0.0,67.0,1.75,raul-garcia-pierna
movistar-team-2026,WorldTeam,Pablo,CASTRILLO,P. Castrillo,ES,ESP,2001,25,62,80,49,70,70,79,57,68,68,323,188,1256,Climber,0.0,74.0,1.83,pablo-castrillo-zapater
movistar-team-2026,WorldTeam,Javier,ROMO,J. Romo,ES,ESP,1999,27,64,77,51,71,69,78,58,68,68,318,193,1321,GC,0.0,70.0,1.84,javier-romo
movistar-team-2026,WorldTeam,Nairo,QUINTANA,N. Quintana,CO,COL,1990,36,61,83,46,70,70,78,56,68,68,292,222,14446,GC,0.0,58.0,1.67,nairo-quintana
movistar-team-2026,WorldTeam,Enric,MAS,E. Mas,ES,ESP,1995,31,62,88,50,71,75,83,58,72,72,284,231,8406,Climber,0.0,61.0,1.77,enric-mas
movistar-team-2026,WorldTeam,Jefferson Alveiro,CEPEDA,J. A. Cepeda,EC,ECU,1996,30,63,78,50,70,70,77,58,68,68,277,240,1473,GC,0.0,61.0,1.7,jefferson-cepeda-hernandez
movistar-team-2026,WorldTeam,Lorenzo,MILESI,L. Milesi,IT,ITA,2002,24,70,60,55,76,65,73,61,66,68,243,272,638,TT,0.0,70.0,1.8,lorenzo-milesi
movistar-team-2026,WorldTeam,Iván,GARCÍA CORTINA,I. García Cortina,ES,ESP,1995,31,80,51,73,66,69,73,81,69,69,230,289,3156,Oneday,114,77.0,1.83,ivan-garcia-cortina
movistar-team-2026,WorldTeam,Diego,PESCADOR,D. Pescador,CO,COL,2004,22,56,76,46,63,68,75,55,64,68,227,291,322,Climber,5.4,60.0,1.74,diego-pescador
movistar-team-2026,WorldTeam,Roger,ADRIÀ,R. Adrià,ES,ESP,1998,28,73,59,65,64,72,73,71,68,68,209,320,1824,Oneday,26.8,64.0,1.79,roger-adria
movistar-team-2026,WorldTeam,Einer,RUBIO,E. Rubio,CO,COL,1998,28,56,85,44,65,72,79,53,67,67,118,509,2402,Climber,0.0,56.0,1.64,einer-rubio
movistar-team-2026,WorldTeam,Michel,HESSMANN,M. Hessmann,DE,GER,2001,25,65,59,58,61,69,68,59,63,63,96,572,254,Hills,0.0,78.0,1.91,michel-hessmann
movistar-team-2026,WorldTeam,Nelson,OLIVEIRA,N. Oliveira,PT,POR,1989,37,65,55,47,73,58,69,57,61,61,96,570,3656,TT,1,67.0,1.8,nelson-oliveira
movistar-team-2026,WorldTeam,Filip,MACIEJUK,F. Maciejuk,PL,POL,1999,27,71,54,52,77,59,72,60,64,64,80,646,515,TT,0.0,78.0,1.9,filip-maciejuk
movistar-team-2026,WorldTeam,Juan Pedro,LÓPEZ,J. P. López,ES,ESP,1997,29,57,79,43,66,66,75,52,64,64,66,716,1348,GC,0.0,60.0,1.7,juan-pedro-lopez
movistar-team-2026,WorldTeam,Pavel,NOVÁK,P. Novák,CZ,CZE,2004,22,55,71,42,63,62,70,53,60,64,41,915,171,GC,0.0,64.0,1.81,pavel-novak
movistar-team-2026,WorldTeam,Manlio,MORO,M. Moro,IT,ITA,2002,24,69,42,59,59,57,64,58,58,60,40,931,105,Oneday,0.0,81.0,1.9,manlio-moro
movistar-team-2026,WorldTeam,Gonzalo,SERRANO,G. Serrano,ES,ESP,1994,32,63,61,58,57,72,67,59,63,63,37,958,1484,Hills,1.1,65.0,1.77,gonzalo-serrano
movistar-team-2026,WorldTeam,Davide,FORMOLO,D. Formolo,IT,ITA,1992,34,53,74,42,61,65,72,57,61,61,26,1111,4922,Climber,37.5,62.0,1.82,davide-formolo
movistar-team-2026,WorldTeam,Jorge,ARCAS,J. Arcas,ES,ESP,1992,34,56,63,42,61,57,67,49,58,58,20,1242,526,GC,0.0,68.0,1.87,jorge-arcas
movistar-team-2026,WorldTeam,Pelayo,SÁNCHEZ,P. Sánchez,ES,ESP,2000,26,51,73,41,59,65,70,48,60,60,13,1523,661,Climber,0.0,62.0,1.77,pelayo-sanchez-mayo
movistar-team-2026,WorldTeam,Albert,TORRES,A. Torres,ES,ESP,1990,36,53,54,41,56,51,62,45,53,53,10,1606,456,GC,0.0,70.0,1.8,albert-torres
netcompany-ineos-2026,WorldTeam,Dorian,GODON,D. Godon,FR,FRA,1996,30,75,70,69,70,82,78,69,74,74,1072,27,3509,Hills,0.0,74.0,1.89,dorian-godon
netcompany-ineos-2026,WorldTeam,Egan,BERNAL,E. Bernal,CO,COL,1997,29,69,90,55,78,79,86,64,76,76,1006,32,8420,GC,0.0,60.0,1.75,egan-bernal
netcompany-ineos-2026,WorldTeam,Thymen,ARENSMAN,T. Arensman,NL,NED,1999,27,68,85,52,78,73,84,62,73,73,834,50,3930,GC,0.0,68.0,1.9,thymen-arensman
netcompany-ineos-2026,WorldTeam,Filippo,GANNA,F. Ganna,IT,ITA,1996,30,82,63,63,88,69,81,84,74,74,729,62,6392,TT,210.1,83.0,1.93,filippo-ganna
netcompany-ineos-2026,WorldTeam,Kévin,VAUQUELIN,K. Vauquelin,FR,FRA,2001,25,69,78,55,76,72,81,67,72,72,590,78,3651,GC,11.5,69.0,1.76,kevin-vauquelin
netcompany-ineos-2026,WorldTeam,Oscar,ONLEY,O. Onley,GB,GBR,2002,24,65,83,52,73,73,81,60,71,75,498,104,3420,GC,0.0,62.0,1.73,oscar-onley
netcompany-ineos-2026,WorldTeam,Andrew,AUGUST,A. August,US,USA,2005,21,60,81,47,69,70,77,58,67,75,452,126,573,GC,0.0,57.0,1.7,andrew-august
netcompany-ineos-2026,WorldTeam,Axel,LAURANCE,A. Laurance,FR,FRA,2001,25,68,68,64,63,79,73,65,69,69,406,147,1679,Hills,1.8,63.0,1.79,axel-laurance
netcompany-ineos-2026,WorldTeam,Ben,TURNER,B. Turner,GB,GBR,1999,27,71,62,65,65,74,73,72,68,68,387,156,1410,Hills,31.7,74.0,1.94,ben-turner
netcompany-ineos-2026,WorldTeam,Samuel,WATSON,S. Watson,GB,GBR,2001,25,70,64,63,66,74,73,73,68,68,327,186,1420,Hills,61.6,68.0,1.88,samuel-watson
netcompany-ineos-2026,WorldTeam,Magnus,SHEFFIELD,M. Sheffield,US,USA,2002,24,74,62,58,79,67,77,76,70,72,309,201,2587,TT,107,73.0,1.83,magnus-sheffield
netcompany-ineos-2026,WorldTeam,Tobias,FOSS,T. Foss,NO,NOR,1997,29,73,63,54,81,65,77,63,69,69,283,232,2009,TT,0.0,74.0,1.84,tobias-foss
netcompany-ineos-2026,WorldTeam,Carlos,RODRÍGUEZ,C. Rodríguez,ES,ESP,2001,25,64,83,50,74,72,81,59,71,71,282,233,4061,GC,0.0,67.0,1.83,carlos-rodriguez-cano
netcompany-ineos-2026,WorldTeam,Joshua,TARLING,J. Tarling,GB,GBR,2004,22,75,59,54,84,62,76,73,68,72,276,243,1503,TT,54.2,78.0,1.94,joshua-tarling
netcompany-ineos-2026,WorldTeam,Artem,SHMIDT,A. Shmidt,US,USA,2004,22,75,49,64,65,63,70,66,64,68,272,247,359,Oneday,0.0,76.0,1.91,artem-shmidt
netcompany-ineos-2026,WorldTeam,Kim,HEIDUK,K. Heiduk,DE,GER,2000,26,69,61,64,63,72,71,67,67,67,263,254,633,Hills,10.8,70.0,1.84,kim-heiduk
netcompany-ineos-2026,WorldTeam,Sam,WELSFORD,S. Welsford,AU,AUS,1996,30,80,46,85,62,62,72,68,68,68,260,259,1732,Sprint,0.0,79.0,1.82,sam-welsford
netcompany-ineos-2026,WorldTeam,Embret,SVESTAD-BÅRDSENG,E. Svestad-Bårdseng,NO,NOR,2002,24,61,76,47,69,67,76,55,66,68,259,261,533,GC,0.0,,1.85,embret-svestad-bardseng
netcompany-ineos-2026,WorldTeam,Michał,KWIATKOWSKI,M. Kwiatkowski,PL,POL,1990,36,73,58,62,66,68,73,63,67,67,230,288,11633,Oneday,0.0,68.0,1.76,michal-kwiatkowski
netcompany-ineos-2026,WorldTeam,Brandon Smith,RIVERA,B. S. Rivera,CO,COL,1996,30,61,73,47,68,66,74,56,65,65,146,432,876,GC,1.3,60.0,1.7,brandon-smith-rivera-vargas
netcompany-ineos-2026,WorldTeam,Jack,HAIG,J. Haig,AU,AUS,1993,33,60,76,46,68,66,75,54,65,65,90,598,4375,GC,0.0,67.0,1.9,jack-haig
netcompany-ineos-2026,WorldTeam,Connor,SWIFT,C. Swift,GB,GBR,1995,31,74,50,63,65,64,70,68,64,64,89,605,1514,Oneday,13.2,75.0,1.9,connor-swift
netcompany-ineos-2026,WorldTeam,Ben,SWIFT,B. Swift,GB,GBR,1987,39,68,44,71,53,59,63,60,60,60,80,645,4896,Sprint,0.6,69.0,1.79,ben-swift
netcompany-ineos-2026,WorldTeam,Victor,LANGELLOTTI,V. Langellotti,MC,MON,1995,31,59,73,47,66,66,73,54,64,64,74,674,807,GC,0.0,64.0,1.77,victor-langellotti
netcompany-ineos-2026,WorldTeam,Peter,ØXENBERG,P. Øxenberg,DK,DEN,2005,21,64,53,47,70,56,67,57,60,66,58,785,86,TT,0.0,69.0,1.91,peter-oxenberg-hansen
netcompany-ineos-2026,WorldTeam,Bob,JUNGELS,B. Jungels,LU,LUX,1992,34,66,59,50,73,61,72,57,64,64,53,810,5674,TT,0.0,70.0,1.89,bob-jungels
netcompany-ineos-2026,WorldTeam,Lucas,HAMILTON,L. Hamilton,AU,AUS,1996,30,60,73,46,67,65,74,54,64,64,40,922,1972,GC,0.0,71.0,1.84,lucas-hamilton
netcompany-ineos-2026,WorldTeam,Laurens,DE PLUS,L. de Plus,BE,BEL,1995,31,60,74,45,68,64,74,54,64,64,37,957,2319,GC,0.0,67.0,1.89,laurens-de-plus
netcompany-ineos-2026,WorldTeam,Óscar,RODRÍGUEZ,Ó. Rodríguez,ES,ESP,1995,31,55,75,41,64,63,72,50,62,62,16,1371,1285,GC,0.0,63.0,1.79,oscar-rodriguez
nsn-cycling-team-2026,WorldTeam,Biniam,GIRMAY,B. Girmay,ER,ERI,2000,26,85,58,79,71,75,79,88,74,74,865,43,5610,Oneday,179,70.0,1.84,biniam-girmay
nsn-cycling-team-2026,WorldTeam,Ethan,VERNON,E. Vernon,GB,GBR,2000,26,81,51,84,65,67,74,70,70,70,586,79,1783,Sprint,0.0,74.0,1.88,ethan-vernon
nsn-cycling-team-2026,WorldTeam,Corbin,STRONG,C. Strong,NZ,NZL,2000,26,71,69,67,65,81,76,71,72,72,577,82,3416,Hills,11.8,63.0,1.73,corbin-strong
nsn-cycling-team-2026,WorldTeam,Riley,SHEEHAN,R. Sheehan,US,USA,2000,26,78,56,70,68,71,75,76,70,70,571,86,1270,Oneday,39.5,69.0,1.83,riley-sheehan
nsn-cycling-team-2026,WorldTeam,Alessandro,PINARELLO,A. Pinarello,IT,ITA,2003,23,65,74,53,70,69,77,59,68,73,446,128,768,GC,0.0,,,alessandro-pinarello
nsn-cycling-team-2026,WorldTeam,Lewis,ASKEY,L. Askey,GB,GBR,2001,25,79,52,72,67,70,74,81,69,69,426,135,1630,Oneday,147,75.0,1.87,lewis-askey
nsn-cycling-team-2026,WorldTeam,Brady,GILMORE,B. Gilmore,AU,AUS,2001,25,67,64,62,62,76,71,62,67,67,306,203,853,Hills,0.0,70.0,1.72,brady-gilmore
nsn-cycling-team-2026,WorldTeam,Marco,FRIGO,M. Frigo,IT,ITA,2000,26,60,78,49,68,70,78,56,67,67,299,215,864,Climber,0.0,70.0,1.88,marco-frigo
nsn-cycling-team-2026,WorldTeam,Oded,KOGUT,O. Kogut,IL,ISR,2001,25,78,44,83,60,61,69,67,66,66,256,265,595,Sprint,0.0,77.0,1.71,oded-kogut
nsn-cycling-team-2026,WorldTeam,Jan,HIRT,J. Hirt,CZ,CZE,1991,35,57,81,42,67,66,76,52,65,65,239,278,2732,GC,0.0,62.0,1.81,jan-hirt
nsn-cycling-team-2026,WorldTeam,Hugo,HOFSTETTER,H. Hofstetter,FR,FRA,1994,32,79,51,75,64,68,73,82,68,68,224,296,4183,Oneday,221.7,66.0,1.7,hugo-hofstetter
nsn-cycling-team-2026,WorldTeam,George,BENNETT,G. Bennett,NZ,NZL,1990,36,57,78,44,66,67,75,52,64,64,182,370,5377,GC,0.0,58.0,1.81,george-bennett
nsn-cycling-team-2026,WorldTeam,Pau,MARTÍ,P. Martí,ES,ESP,2004,22,70,55,62,61,67,70,64,64,68,177,379,285,Oneday,0.0,,,pau-marti-soriano
nsn-cycling-team-2026,WorldTeam,Krists,NEILANDS,K. Neilands,LV,LAT,1994,32,73,56,63,65,67,72,70,66,66,174,381,1999,Oneday,25.9,69.0,1.89,krists-neilands
nsn-cycling-team-2026,WorldTeam,Floris,VAN TRICHT,F. van Tricht,BE,BEL,2001,25,74,47,68,60,63,69,67,64,64,142,440,171,Oneday,9.8,69.0,1.76,floris-van-tricht
nsn-cycling-team-2026,WorldTeam,Pier-André,CÔTÉ,P. Côté,CA,CAN,1997,29,75,49,66,64,64,70,67,65,65,137,453,952,Oneday,7,74.0,1.81,pier-andre-cote
nsn-cycling-team-2026,WorldTeam,Moritz,KRETSCHY,M. Kretschy,DE,GER,2002,24,61,70,48,67,64,73,54,64,66,117,512,287,GC,0.0,63.0,1.83,moritz-kretschy
nsn-cycling-team-2026,WorldTeam,Itamar,EINHORN,I. Einhorn,IL,ISR,1997,29,75,43,81,56,59,67,64,64,64,101,557,993,Sprint,0.0,72.0,1.72,itamar-einhorn
nsn-cycling-team-2026,WorldTeam,Tom,VAN ASBROECK,T. van Asbroeck,BE,BEL,1990,36,73,44,67,59,61,67,72,62,62,92,589,4563,Oneday,71,72.0,1.82,tom-van-asbroeck
nsn-cycling-team-2026,WorldTeam,Matis,LOUVEL,M. Louvel,FR,FRA,1999,27,75,47,66,62,65,69,70,64,64,85,623,1402,Oneday,24,77.0,1.87,matis-louvel
nsn-cycling-team-2026,WorldTeam,Ryan,MULLEN,R. Mullen,IE,IRL,1994,32,70,53,50,78,58,71,59,63,63,82,639,1197,TT,0.0,77.0,1.89,ryan-mullen
nsn-cycling-team-2026,WorldTeam,Nadav,RAISBERG,N. Raisberg,IL,ISR,2001,25,63,59,56,58,69,67,58,62,62,79,653,205,Hills,0.7,67.0,1.78,nadav-raisberg
nsn-cycling-team-2026,WorldTeam,Jake,STEWART,J. Stewart,GB,GBR,1999,27,66,58,62,58,71,68,64,64,64,74,676,1432,Hills,8.5,66.0,1.79,jake-stewart
nsn-cycling-team-2026,WorldTeam,Dion,SMITH,D. Smith,NZ,NZL,1993,33,64,59,59,58,71,67,58,63,63,70,692,2463,Hills,0.0,67.0,1.79,dion-smith
nsn-cycling-team-2026,WorldTeam,Nick,SCHULTZ,N. Schultz,AU,AUS,1994,32,56,74,46,63,66,74,52,63,63,69,698,1662,Climber,0.0,68.0,1.8,nick-schultz
nsn-cycling-team-2026,WorldTeam,Alexey,LUTSENKO,A. Lutsenko,KZ,KAZ,1992,34,62,70,48,67,65,73,57,64,64,60,753,7524,GC,2.5,74.0,1.74,aleksey-lutsenko
nsn-cycling-team-2026,WorldTeam,Guillaume,BOIVIN,G. Boivin,CA,CAN,1989,37,70,40,61,57,57,64,60,58,58,50,832,2247,Oneday,2.7,78.0,1.8,guillaume-boivin
nsn-cycling-team-2026,WorldTeam,Joseph,BLACKMORE,J. Blackmore,GB,GBR,2003,23,60,71,47,66,65,73,59,64,67,42,909,959,GC,12.6,66.0,1.81,joseph-blackmore
nsn-cycling-team-2026,WorldTeam,Simon,CLARKE,S. Clarke,AU,AUS,1986,40,62,48,53,53,59,62,53,56,56,22,1192,5093,Oneday,0.0,63.0,1.75,simon-clarke
nsn-cycling-team-2026,WorldTeam,Rotem,TENE,R. Tene,IL,ISR,2001,25,67,37,71,50,52,60,56,56,56,14,1490,91,Sprint,0.0,72.0,1.8,rotem-tene
nsn-cycling-team-2026,WorldTeam,Stephen,WILLIAMS,S. Williams,GB,GBR,1996,30,61,72,49,66,67,73,55,65,65,0,,1658,GC,0.0,59.0,1.83,stephen-williams
red-bull-bora-hansgrohe-2026,WorldTeam,Remco,EVENEPOEL,R. Evenepoel,BE,BEL,2000,26,76,93,64,84,85,93,82,82,82,3381,2,15917,Climber,80.1,63.0,1.71,remco-evenepoel
red-bull-bora-hansgrohe-2026,WorldTeam,Giulio,PELLIZZARI,G. Pellizzari,IT,ITA,2003,23,65,89,53,74,77,86,61,74,79,1304,18,2306,Climber,0.0,66.0,1.83,giulio-pellizzari
red-bull-bora-hansgrohe-2026,WorldTeam,Florian,LIPOWITZ,F. Lipowitz,DE,GER,2000,26,68,87,53,78,75,85,62,74,74,1154,24,3279,GC,0.0,68.0,1.81,florian-lipowitz
red-bull-bora-hansgrohe-2026,WorldTeam,Jai,HINDLEY,J. Hindley,AU,AUS,1996,30,66,92,54,75,80,88,63,76,76,1123,25,6006,Climber,0.0,60.0,1.75,jai-hindley
red-bull-bora-hansgrohe-2026,WorldTeam,Laurence,PITHIE,L. Pithie,NZ,NZL,2002,24,83,56,76,70,73,77,86,72,76,1010,30,2455,Oneday,205.6,74.0,1.85,laurence-pithie
red-bull-bora-hansgrohe-2026,WorldTeam,Jordi,MEEUS,J. Meeus,BE,BEL,1998,28,87,53,81,71,71,79,90,74,74,929,35,4115,Oneday,319.9,80.0,1.9,jordi-meeus
red-bull-bora-hansgrohe-2026,WorldTeam,Primož,ROGLIČ,P. Roglič,SI,SLO,1989,37,63,83,50,73,73,82,59,71,71,564,90,18589,Climber,0.0,65.0,1.77,primoz-roglic
red-bull-bora-hansgrohe-2026,WorldTeam,Aleksandr,VLASOV,A. Vlasov,RU,RUS,1996,30,66,85,53,74,75,84,61,73,73,480,107,7092,Climber,0.0,68.0,1.86,aleksandr-vlasov
red-bull-bora-hansgrohe-2026,WorldTeam,Finn,FISHER-BLACK,F. Fisher-Black,NZ,NZL,2001,25,68,75,54,75,70,79,61,70,70,449,127,1775,GC,0.0,69.0,1.89,finn-fisher-black
red-bull-bora-hansgrohe-2026,WorldTeam,Luke,TUCKWELL,L. Tuckwell,AU,AUS,2004,22,61,79,46,70,67,77,58,67,71,350,173,383,GC,0.0,66.0,1.82,luke-tuckwell
red-bull-bora-hansgrohe-2026,WorldTeam,Daniel Felipe,MARTÍNEZ,D. F. Martínez,CO,COL,1996,30,66,83,51,74,72,81,61,71,71,342,175,5251,GC,0.9,63.0,1.74,daniel-felipe-martinez
red-bull-bora-hansgrohe-2026,WorldTeam,Tim,VAN DIJKE,T. van Dijke,NL,NED,2000,26,78,52,69,67,67,73,80,68,68,340,178,963,Oneday,167.4,74.0,1.89,tim-van-dijke
red-bull-bora-hansgrohe-2026,WorldTeam,Danny,VAN POPPEL,D. van Poppel,NL,NED,1993,33,81,48,85,64,65,73,75,69,69,340,177,7159,Sprint,15.3,82.0,1.84,danny-van-poppel
red-bull-bora-hansgrohe-2026,WorldTeam,Arne,MARIT,A. Marit,BE,BEL,1999,27,80,50,75,65,67,73,77,68,68,330,183,1420,Oneday,51.9,72.0,1.85,arne-marit
red-bull-bora-hansgrohe-2026,WorldTeam,Gianni,VERMEERSCH,G. Vermeersch,BE,BEL,1992,34,76,52,69,63,68,72,81,67,67,325,187,2729,Oneday,281.2,68.0,1.73,gianni-vermeersch
red-bull-bora-hansgrohe-2026,WorldTeam,Maxim,VAN GILS,M. van Gils,BE,BEL,1999,27,74,64,66,66,74,75,74,70,70,299,214,2983,Oneday,40,63.0,1.74,maxim-van-gils
red-bull-bora-hansgrohe-2026,WorldTeam,Mick,VAN DIJKE,M. van Dijke,NL,NED,2000,26,76,52,67,66,65,72,77,66,66,197,343,910,Oneday,118.8,74.0,1.9,mick-van-dijke
red-bull-bora-hansgrohe-2026,WorldTeam,Nico,DENZ,N. Denz,DE,GER,1994,32,67,63,60,63,73,71,61,66,66,192,352,1581,Hills,0.0,71.0,1.83,nico-denz
red-bull-bora-hansgrohe-2026,WorldTeam,Mattia,CATTANEO,M. Cattaneo,IT,ITA,1990,36,66,60,49,73,62,71,59,64,64,172,388,3373,TT,2.2,67.0,1.84,mattia-cattaneo
red-bull-bora-hansgrohe-2026,WorldTeam,Haimar,ETXEBERRIA,H. Etxeberria,ES,ESP,2003,23,72,51,65,60,66,69,62,64,67,149,425,368,Oneday,0.0,65.0,1.77,haimar-etxeberria
red-bull-bora-hansgrohe-2026,WorldTeam,Ben,ZWIEHOFF,B. Zwiehoff,DE,GER,1994,32,60,74,46,67,65,74,54,64,64,144,437,983,GC,0.0,61.0,1.82,ben-zwiehoff
red-bull-bora-hansgrohe-2026,WorldTeam,Adrien,BOICHIS,A. Boichis,FR,FRA,2003,23,63,63,57,60,72,69,61,64,67,142,442,186,Hills,3.5,68.0,,adrien-boichis
red-bull-bora-hansgrohe-2026,WorldTeam,Giovanni,ALEOTTI,G. Aleotti,IT,ITA,1999,27,63,75,49,69,67,76,56,66,66,139,445,1769,GC,0.0,64.0,1.8,giovanni-aleotti
red-bull-bora-hansgrohe-2026,WorldTeam,Jan,TRATNIK,J. Tratnik,SI,SLO,1990,36,65,55,50,71,60,69,66,62,62,95,576,3104,TT,72.6,67.0,1.73,jan-tratnik
red-bull-bora-hansgrohe-2026,WorldTeam,Callum,THORNLEY,C. Thornley,GB,GBR,2003,23,68,52,51,73,57,69,57,62,65,83,635,148,TT,0.0,76.0,1.9,callum-thornley
red-bull-bora-hansgrohe-2026,WorldTeam,Gianni,MOSCON,G. Moscon,IT,ITA,1994,32,73,55,62,64,67,72,63,66,66,75,669,3668,Oneday,0.0,71.0,1.8,gianni-moscon
red-bull-bora-hansgrohe-2026,WorldTeam,Emil,HERZOG,E. Herzog,DE,GER,2004,22,62,59,55,58,69,66,59,62,66,60,760,223,Hills,0.0,74.0,1.84,emil-herzog
red-bull-bora-hansgrohe-2026,WorldTeam,Alexander,HAJEK,A. Hajek,AT,AUT,2003,23,57,72,44,63,64,71,51,62,65,50,838,380,GC,0.0,55.0,1.76,alexander-hajek
red-bull-bora-hansgrohe-2026,WorldTeam,Jarrad,DRIZNERS,J. Drizners,AU,AUS,1999,27,60,62,47,64,58,69,52,60,60,30,1042,230,GC,0.0,70.0,1.86,jarrad-drizners
red-bull-bora-hansgrohe-2026,WorldTeam,Frederik,WANDAHL,F. Wandahl,DK,DEN,2001,25,66,52,58,57,64,66,57,60,60,15,1435,644,Oneday,0.0,61.0,1.78,frederik-wandahl
soudal-quick-step-2026,WorldTeam,Paul,MAGNIER,P. Magnier,FR,FRA,2004,22,87,56,82,72,74,80,88,75,82,1691,8,3080,Oneday,138.9,77.0,1.87,paul-magnier
soudal-quick-step-2026,WorldTeam,Tim,MERLIER,T. Merlier,BE,BEL,1992,34,85,51,90,66,67,77,86,73,73,1015,28,7888,Sprint,152.4,76.0,1.88,tim-merlier
soudal-quick-step-2026,WorldTeam,Jasper,STUYVEN,J. Stuyven,BE,BEL,1992,34,83,54,75,70,72,77,88,72,72,706,64,8567,Oneday,430.3,80.0,1.87,jasper-stuyven
soudal-quick-step-2026,WorldTeam,Filippo,ZANA,F. Zana,IT,ITA,1999,27,66,81,53,73,73,81,67,71,71,570,87,2548,GC,27.3,66.0,1.84,filippo-zana
soudal-quick-step-2026,WorldTeam,Ilan,VAN WILDER,I. van Wilder,BE,BEL,2000,26,66,81,52,74,72,80,60,71,71,473,113,3040,GC,0.0,64.0,1.71,ilan-van-wilder
soudal-quick-step-2026,WorldTeam,Valentin,PARET-PEINTRE,V. Paret-Peintre,FR,FRA,2001,25,57,89,47,67,74,81,55,69,69,431,133,1383,Climber,0.0,52.0,1.78,valentin-paret-peintre
soudal-quick-step-2026,WorldTeam,Junior,LECERF,J. Lecerf,BE,BEL,2002,24,61,82,48,69,71,78,58,68,70,367,161,1197,GC,1,54.0,1.69,junior-lecerf
soudal-quick-step-2026,WorldTeam,Andrea,RACCAGNI NOVIERO,A. Raccagni Noviero,IT,ITA,2004,22,68,62,62,63,73,71,65,66,70,335,179,410,Hills,0.0,75.0,1.85,andrea-raccagni-noviero
soudal-quick-step-2026,WorldTeam,Mauri,VANSEVENANT,M. Vansevenant,BE,BEL,1999,27,61,81,51,67,73,79,61,69,69,293,220,2086,Climber,10.6,60.0,1.75,mauri-vansevenant
soudal-quick-step-2026,WorldTeam,Gianmarco,GAROFOLI,G. Garofoli,IT,ITA,2002,24,58,79,48,65,71,77,57,66,68,275,245,539,Climber,3.9,62.0,1.8,gianmarco-garofoli
soudal-quick-step-2026,WorldTeam,Laurenz,REX,L. Rex,BE,BEL,1999,27,79,46,72,65,64,71,81,66,66,185,365,1137,Oneday,253,83.0,1.93,laurenz-rex
soudal-quick-step-2026,WorldTeam,Mikel,LANDA,M. Landa,ES,ESP,1989,37,55,82,43,65,69,77,57,65,65,173,385,10437,Climber,16.5,61.0,1.72,mikel-landa
soudal-quick-step-2026,WorldTeam,Ethan,HAYTER,E. Hayter,GB,GBR,1998,28,72,61,57,78,66,75,63,68,68,152,418,3555,TT,0.0,70.0,1.8,ethan-hayter
soudal-quick-step-2026,WorldTeam,Louis,VERVAEKE,L. Vervaeke,BE,BEL,1993,33,60,73,46,67,66,73,54,64,64,146,430,1224,GC,0.0,68.0,1.81,louis-vervaeke
soudal-quick-step-2026,WorldTeam,Alberto,DAINESE,A. Dainese,IT,ITA,1998,28,78,46,84,59,62,70,74,66,66,137,454,2395,Sprint,27.5,72.0,1.75,alberto-dainese
soudal-quick-step-2026,WorldTeam,Dylan,VAN BAARLE,D. van Baarle,NL,NED,1992,34,74,52,63,66,66,71,69,65,65,130,467,4865,Oneday,15.3,74.0,1.89,dylan-van-baarle
soudal-quick-step-2026,WorldTeam,Pascal,EENKHOORN,P. Eenkhoorn,NL,NED,1997,29,75,53,66,65,67,72,67,66,66,125,478,1557,Oneday,3.6,72.0,1.85,pascal-eenkhoorn
soudal-quick-step-2026,WorldTeam,Maximilian,SCHACHMANN,M. Schachmann,DE,GER,1994,32,65,73,50,72,68,76,58,67,67,118,507,5281,GC,0.0,71.0,1.83,maximilian-schachmann
soudal-quick-step-2026,WorldTeam,Dries,VAN GESTEL,D. van Gestel,BE,BEL,1994,32,76,48,69,63,65,71,75,65,65,116,514,2055,Oneday,62.2,74.0,1.88,dries-van-gestel
soudal-quick-step-2026,WorldTeam,Steff,CRAS,S. Cras,BE,BEL,1996,30,59,75,46,67,66,74,54,64,64,91,594,1533,GC,0.0,67.0,1.83,steff-cras
soudal-quick-step-2026,WorldTeam,Fabio,VAN DEN BOSSCHE,F. van den Bossche,BE,BEL,2000,26,63,67,51,66,65,72,57,64,64,90,600,437,GC,1,65.0,1.75,fabio-van-den-bossche
soudal-quick-step-2026,WorldTeam,Pepijn,REINDERINK,P. Reinderink,NL,NED,2002,24,69,53,60,60,65,68,62,62,64,90,602,206,Oneday,2.5,67.0,1.8,pepijn-reinderink
soudal-quick-step-2026,WorldTeam,Yves,LAMPAERT,Y. Lampaert,BE,BEL,1991,35,74,48,64,65,63,69,71,64,64,87,612,6675,Oneday,46.9,75.0,1.8,yves-lampaert
soudal-quick-step-2026,WorldTeam,Casper,PEDERSEN,C. Pedersen,DK,DEN,1996,30,73,50,63,64,64,70,72,64,64,84,627,1375,Oneday,61.7,71.0,1.86,casper-pedersen
soudal-quick-step-2026,WorldTeam,Jonathan,VERVENNE,J. Vervenne,BE,BEL,2003,23,67,49,51,72,56,67,56,60,63,56,793,122,TT,0.0,75.0,1.88,jonathan-vervenne
soudal-quick-step-2026,WorldTeam,Martin,SVRČEK,M. Svrček,SK,SVK,2003,23,69,48,60,59,62,66,59,61,64,45,872,209,Oneday,0.0,66.0,1.75,martin-svrcek
soudal-quick-step-2026,WorldTeam,Ayco,BASTIAENS,A. Bastiaens,BE,BEL,1996,30,57,62,43,63,56,68,49,58,58,40,923,95,GC,0.0,76.0,1.91,ayco-bastiaens
soudal-quick-step-2026,WorldTeam,Gil,GELDERS,G. Gelders,BE,BEL,2002,24,59,65,47,63,61,69,52,61,63,36,967,255,GC,0.0,66.0,1.79,gil-gelders
soudal-quick-step-2026,WorldTeam,Bert,VAN LERBERGHE,B. van Lerberghe,BE,BEL,1992,34,73,39,66,59,57,66,64,60,60,24,1157,1566,Oneday,5.9,83.0,1.9,bert-van-lerberghe
soudal-quick-step-2026,WorldTeam,Warre,VANGHELUWE,W. Vangheluwe,BE,BEL,2001,25,68,35,73,51,51,60,57,56,56,10,1641,194,Sprint,0.0,79.0,1.89,warre-vangheluwe
team-jayco-alula-2026,WorldTeam,Mauro,SCHMID,M. Schmid,CH,SUI,1999,27,74,76,66,72,84,81,69,76,76,1444,14,3803,Hills,0.0,70.0,1.87,mauro-schmid
team-jayco-alula-2026,WorldTeam,Luke,PLAPP,L. Plapp,AU,AUS,2000,26,68,79,53,76,71,81,61,71,71,685,67,2061,GC,0.0,72.0,1.81,luke-plapp
team-jayco-alula-2026,WorldTeam,Paul,DOUBLE,P. Double,GB,GBR,1996,30,64,82,51,72,72,80,59,70,70,570,88,1291,GC,0.0,56.0,1.71,paul-double
team-jayco-alula-2026,WorldTeam,Anders,FOLDAGER,A. Foldager,DK,DEN,2001,25,70,64,65,64,77,73,66,69,69,479,110,1161,Hills,1.8,69.0,1.81,anders-foldager
team-jayco-alula-2026,WorldTeam,Michael,MATTHEWS,M. Matthews,AU,AUS,1990,36,79,55,71,67,72,74,79,70,70,469,116,14548,Oneday,75.7,72.0,1.78,michael-matthews
team-jayco-alula-2026,WorldTeam,Andrea,VENDRAME,A. Vendrame,IT,ITA,1994,32,68,71,64,63,81,74,70,70,70,468,118,3596,Hills,23.7,60.0,1.68,andrea-vendrame
team-jayco-alula-2026,WorldTeam,Ben,O'CONNOR,B. O'connor,AU,AUS,1995,31,66,84,51,75,73,82,60,72,72,403,148,6237,GC,0.0,67.0,1.88,ben-o-connor
team-jayco-alula-2026,WorldTeam,Felix,ENGELHARDT,F. Engelhardt,DE,GER,2000,26,74,58,65,65,71,74,65,68,68,328,184,1099,Oneday,0.0,68.0,1.8,felix-engelhardt
team-jayco-alula-2026,WorldTeam,Robert,DONALDSON,R. Donaldson,GB,GBR,2002,24,74,46,78,58,61,68,72,64,66,237,283,401,Sprint,49,,1.89,robert-donaldson
team-jayco-alula-2026,WorldTeam,Pascal,ACKERMANN,P. Ackermann,DE,GER,1994,32,81,48,86,63,66,73,78,70,70,217,303,7229,Sprint,32.2,78.0,1.8,pascal-ackermann
team-jayco-alula-2026,WorldTeam,Dries,DE BONDT,D. de Bondt,BE,BEL,1991,35,75,47,68,61,63,70,75,64,64,213,310,2480,Oneday,107.1,73.0,1.84,dries-de-bondt
team-jayco-alula-2026,WorldTeam,Alan,HATHERLY,A. Hatherly,ZA,RSA,1996,30,61,72,46,69,64,73,54,64,64,195,348,316,GC,0.0,65.0,1.78,alan-hatherly
team-jayco-alula-2026,WorldTeam,Finlay,PICKERING,F. Pickering,GB,GBR,2003,23,53,82,42,63,69,76,50,64,67,137,455,253,Climber,0.0,55.0,1.74,finlay-pickering
team-jayco-alula-2026,WorldTeam,Oliver,BLEDDYN,O. Bleddyn,AU,AUS,2002,24,68,54,52,74,60,70,58,63,65,123,487,152,TT,0.0,67.0,1.8,oliver-bleddyn
team-jayco-alula-2026,WorldTeam,Alessandro,COVI,A. Covi,IT,ITA,1998,28,71,58,63,62,70,72,63,66,66,108,536,1816,Oneday,0.0,66.0,1.8,alessandro-covi
team-jayco-alula-2026,WorldTeam,Davide,DE PRETTO,D. De Pretto,IT,ITA,2002,24,62,64,58,57,75,68,58,64,66,105,542,692,Hills,0.0,58.0,1.72,davide-de-pretto
team-jayco-alula-2026,WorldTeam,Jasha,SÜTTERLIN,J. Sütterlin,DE,GER,1992,34,68,51,51,74,57,69,58,62,62,96,569,1490,TT,0.9,78.0,1.84,jasha-sutterlin
team-jayco-alula-2026,WorldTeam,Dries,DE POOTER,D. de Pooter,BE,BEL,2002,24,64,58,61,58,70,68,61,63,65,93,587,241,Hills,3.5,66.0,1.82,dries-de-pooter
team-jayco-alula-2026,WorldTeam,Christopher,JUUL-JENSEN,C. Juul-Jensen,DK,DEN,1989,37,60,63,44,66,59,70,52,60,60,90,597,2192,GC,0.0,73.0,1.83,christopher-juul-jensen
team-jayco-alula-2026,WorldTeam,Kelland,O'BRIEN,K. O'brien,AU,AUS,1998,28,74,48,62,66,63,70,64,64,64,74,677,481,Oneday,1.5,77.0,1.92,kelland-brien
team-jayco-alula-2026,WorldTeam,Amaury,CAPIOT,A. Capiot,BE,BEL,1993,33,73,46,68,60,62,68,71,63,63,65,720,2892,Oneday,45.3,69.0,1.86,amaury-capiot
team-jayco-alula-2026,WorldTeam,Koen,BOUWMAN,K. Bouwman,NL,NED,1993,33,57,73,43,65,63,72,51,62,62,62,745,1735,GC,0.0,60.0,1.78,koen-bouwman
team-jayco-alula-2026,WorldTeam,Luke,DURBRIDGE,L. Durbridge,AU,AUS,1991,35,69,51,50,75,57,70,58,62,62,60,754,3646,TT,0.0,78.0,1.87,luke-durbridge
team-jayco-alula-2026,WorldTeam,Jelte,KRIJNSEN,J. Krijnsen,NL,NED,2001,25,65,62,54,66,61,71,61,63,63,53,816,558,GC,10.6,73.0,1.84,jelte-krijnsen
team-jayco-alula-2026,WorldTeam,Luka,MEZGEC,L. Mezgec,SI,SLO,1988,38,62,50,59,53,64,62,55,58,58,41,910,4538,Hills,0.0,72.0,1.83,luka-mezgec
team-jayco-alula-2026,WorldTeam,Asbjørn,HELLEMOSE,A. Hellemose,DK,DEN,1999,27,56,71,42,64,62,71,50,61,61,40,928,234,GC,0.0,65.0,1.92,asbjorn-hellemose
team-jayco-alula-2026,WorldTeam,Rudy,PORTER,R. Porter,AU,AUS,2000,26,57,68,44,63,62,70,51,61,61,40,929,209,GC,0.0,66.0,1.79,rudy-porter
team-jayco-alula-2026,WorldTeam,Patrick,GAMPER,P. Gamper,AT,AUT,1997,29,73,46,62,63,60,68,61,62,62,40,925,512,Oneday,0.0,80.0,1.94,patrick-gamper
team-jayco-alula-2026,WorldTeam,Hamish,MCKENZIE,H. Mckenzie,AU,AUS,2004,22,57,52,52,52,65,60,55,56,60,14,1494,92,Hills,0.0,70.0,1.76,hamish-mckenzie
team-jayco-alula-2026,WorldTeam,Filippo,CONCA,F. Conca,IT,ITA,1998,28,51,66,39,58,59,67,46,57,57,10,1630,198,Climber,0.0,80.0,1.91,filippo-conca
team-picnic-postnl-2026,WorldTeam,Pavel,BITTNER,P. Bittner,CZ,CZE,2002,24,81,51,85,64,68,74,79,70,74,754,58,1718,Sprint,47.2,73.0,1.84,pavel-bittner
team-picnic-postnl-2026,WorldTeam,Frits,BIESTERBOS,F. Biesterbos,NL,NED,2002,24,74,48,67,61,63,69,68,64,66,261,258,304,Oneday,14.7,,,frits-biesterbos
team-picnic-postnl-2026,WorldTeam,Frank,VAN DEN BROEK,F. van den Broek,NL,NED,2000,26,63,74,50,69,67,75,57,66,66,171,390,959,GC,0.0,70.0,1.78,frank-van-den-broek
team-picnic-postnl-2026,WorldTeam,Bjorn,KOERDT,B. Koerdt,GB,GBR,2004,22,65,60,60,59,72,68,62,64,68,170,391,276,Hills,4.2,,,bjoern-koerdt
team-picnic-postnl-2026,WorldTeam,Chris,HAMILTON,C. Hamilton,AU,AUS,1995,31,63,74,49,69,67,75,56,66,66,120,497,1490,GC,0.0,70.0,1.78,chris-hamilton
team-picnic-postnl-2026,WorldTeam,Robbe,DHONDT,R. Dhondt,BE,BEL,2004,22,59,69,46,65,63,71,56,62,66,116,517,127,GC,0.0,,1.76,robbe-dhondt
team-picnic-postnl-2026,WorldTeam,John,DEGENKOLB,J. Degenkolb,DE,GER,1989,37,77,43,70,62,62,68,76,64,64,103,548,12021,Oneday,89,82.0,1.8,john-degenkolb
team-picnic-postnl-2026,WorldTeam,Mattia,GAFFURI,M. Gaffuri,IT,ITA,1999,27,54,75,42,62,65,73,50,62,62,101,558,138,Climber,0.0,67.0,1.84,mattia-gaffuri
team-picnic-postnl-2026,WorldTeam,Nils,EEKHOFF,N. Eekhoff,NL,NED,1998,28,75,45,77,59,59,68,74,64,64,90,599,1326,Sprint,82,75.0,1.92,nils-eekhoff
team-picnic-postnl-2026,WorldTeam,Julius,VAN DEN BERG,J. van den Berg,NL,NED,1996,30,75,44,77,60,58,68,64,64,64,89,604,642,Sprint,0.0,78.0,1.9,julius-van-den-berg
team-picnic-postnl-2026,WorldTeam,Gijs,LEEMREIZE,G. Leemreize,NL,NED,1999,27,55,78,44,64,67,76,51,64,64,81,643,632,Climber,0.0,69.0,1.9,gijs-leemreize
team-picnic-postnl-2026,WorldTeam,Casper,VAN UDEN,C. van Uden,NL,NED,2001,25,74,44,81,56,58,68,68,64,64,80,647,1018,Sprint,10.9,,1.81,casper-van-uden
team-picnic-postnl-2026,WorldTeam,Henri-François,RENARD-HAQUIN,H. Renard-Haquin,FR,FRA,2002,24,61,58,56,56,69,66,58,61,63,80,648,102,Hills,2.8,74.0,1.85,henri-francois-renard-haquin
team-picnic-postnl-2026,WorldTeam,Roy,HOOGENDOORN,R. Hoogendoorn,NL,NED,2001,25,71,41,79,52,55,64,60,60,60,76,667,105,Sprint,0.0,,,roy-hoogendoorn
team-picnic-postnl-2026,WorldTeam,Juan Guillermo,MARTINEZ,J. G. Martinez,CO,COL,2004,22,57,73,42,65,63,72,54,62,66,72,687,224,GC,0.0,,1.72,guillermo-juan-martinez
team-picnic-postnl-2026,WorldTeam,Niklas,MÄRKL,N. Märkl,DE,GER,1999,27,72,45,76,57,60,67,62,63,63,65,722,415,Sprint,0.0,70.0,1.85,niklas-markl
team-picnic-postnl-2026,WorldTeam,Warren,BARGUIL,W. Barguil,FR,FRA,1991,35,55,76,44,62,67,74,51,63,63,63,739,7179,Climber,0.0,61.0,1.83,warren-barguil
team-picnic-postnl-2026,WorldTeam,Matthew,DINHAM,M. Dinham,AU,AUS,2000,26,70,53,61,60,67,69,61,63,63,62,748,468,Oneday,0.0,63.0,1.75,matthew-dinham
team-picnic-postnl-2026,WorldTeam,Tim,NABERMAN,T. Naberman,NL,NED,1999,27,59,66,44,65,60,71,52,61,61,55,799,140,GC,0.0,70.0,1.87,tim-naberman
team-picnic-postnl-2026,WorldTeam,Timo,DE JONG,T. de Jong,NL,NED,1999,27,72,41,77,54,55,65,61,61,61,50,835,184,Sprint,0.0,72.0,1.91,timo-de-jong
team-picnic-postnl-2026,WorldTeam,Sean,FLYNN,S. Flynn,GB,GBR,2000,26,62,65,51,64,62,71,55,62,62,45,869,497,GC,0.0,67.0,1.77,sean-flynn
team-picnic-postnl-2026,WorldTeam,Bert,BOLLE,B. Bolle,BE,BEL,2004,22,56,56,52,51,66,62,54,57,61,41,917,41,Hills,0.0,62.0,1.73,bert-bolle
team-picnic-postnl-2026,WorldTeam,Alexy,FAURE PROST,A. Faure Prost,FR,FRA,2004,22,55,68,40,62,59,69,51,59,63,35,985,136,GC,0.0,67.0,1.85,alexy-faure-prost
team-picnic-postnl-2026,WorldTeam,Timo,ROOSEN,T. Roosen,NL,NED,1993,33,72,45,63,61,61,67,61,62,62,25,1131,1669,Oneday,0.0,78.0,1.93,timo-roosen
team-picnic-postnl-2026,WorldTeam,Oliver,PEACE,O. Peace,GB,GBR,2005,21,56,56,51,51,65,61,54,57,63,25,1143,49,Hills,0.0,64.0,1.86,oliver-peace
team-picnic-postnl-2026,WorldTeam,James,KNOX,J. Knox,GB,GBR,1995,31,56,75,43,65,65,73,51,63,63,20,1245,1632,GC,0.0,58.0,1.73,james-knox
team-picnic-postnl-2026,WorldTeam,Fabio,JAKOBSEN,F. Jakobsen,NL,NED,1996,30,75,40,81,56,56,66,71,62,62,10,1621,4319,Sprint,40.3,78.0,1.81,fabio-jakobsen
team-picnic-postnl-2026,WorldTeam,Dillon,CORKERY,D. Corkery,IE,IRL,1999,27,66,37,70,48,52,59,55,55,55,7,1819,124,Sprint,0.0,,,dillon-corkery
team-picnic-postnl-2026,WorldTeam,Bram,WELTEN,B. Welten,NL,NED,1997,29,77,43,71,62,61,69,65,64,64,0,,1202,Oneday,0.0,81.0,1.88,bram-welten
team-picnic-postnl-2026,WorldTeam,Max,POOLE,M. Poole,GB,GBR,2003,23,62,78,48,71,68,77,56,67,70,0,,1449,GC,0.0,70.0,1.85,max-poole
team-visma-lease-a-bike-2026,WorldTeam,Jonas,VINGEGAARD,J. Vingegaard,DK,DEN,1996,30,74,95,60,84,83,91,69,81,81,2762,4,12605,GC,0.0,58.0,1.75,jonas-vingegaard
team-visma-lease-a-bike-2026,WorldTeam,Wout,VAN AERT,W. van Aert,BE,BEL,1994,32,87,62,78,77,77,83,94,77,77,1167,23,15556,Oneday,662.5,78.0,1.9,wout-van-aert
team-visma-lease-a-bike-2026,WorldTeam,Matteo,JORGENSON,M. Jorgenson,US,USA,1999,27,71,83,57,78,75,84,79,75,75,997,33,5057,GC,228.2,69.0,1.9,matteo-jorgenson
team-visma-lease-a-bike-2026,WorldTeam,Christophe,LAPORTE,C. Laporte,FR,FRA,1992,34,84,55,76,71,71,78,88,72,72,914,37,7833,Oneday,393.9,76.0,1.91,christophe-laporte
team-visma-lease-a-bike-2026,WorldTeam,Sepp,KUSS,S. Kuss,US,USA,1994,32,63,92,51,73,77,86,60,74,74,910,38,5046,Climber,0.0,61.0,1.82,sepp-kuss
team-visma-lease-a-bike-2026,WorldTeam,Davide,PIGANZOLI,D. Piganzoli,IT,ITA,2002,24,65,84,52,74,74,82,60,72,76,862,45,1961,GC,0.0,61.0,1.74,davide-piganzoli
team-visma-lease-a-bike-2026,WorldTeam,Matthew,BRENNAN,M. Brennan,GB,GBR,2005,21,74,65,70,66,78,75,76,71,80,844,46,1732,Hills,50,68.0,1.77,matthew-brennan
team-visma-lease-a-bike-2026,WorldTeam,Ben,TULETT,B. Tulett,GB,GBR,2001,25,75,67,65,68,75,78,67,71,71,700,66,2221,Oneday,0.0,56.0,1.69,ben-tulett
team-visma-lease-a-bike-2026,WorldTeam,Jørgen,NORDHAGEN,J. Nordhagen,NO,NOR,2005,21,63,81,48,72,70,79,60,69,77,560,93,849,GC,0.0,59.0,1.77,jorgen-nordhagen
team-visma-lease-a-bike-2026,WorldTeam,Bart,LEMMEN,B. Lemmen,NL,NED,1995,31,66,76,52,72,69,78,59,69,69,435,132,1214,GC,0.0,70.0,1.8,bart-lemmen
team-visma-lease-a-bike-2026,WorldTeam,Louis,BARRÉ,L. Barré,FR,FRA,2000,26,74,60,65,66,71,75,66,68,68,422,136,1296,Oneday,1,68.0,1.84,louis-barre
team-visma-lease-a-bike-2026,WorldTeam,Per Strand,HAGENES,P. S. Hagenes,NO,NOR,2003,23,79,52,70,68,68,74,79,68,73,411,142,1257,Oneday,95.9,78.0,1.86,per-strand-hagenes
team-visma-lease-a-bike-2026,WorldTeam,Bruno,ARMIRAIL,B. Armirail,FR,FRA,1994,32,72,63,53,81,64,76,62,68,68,410,143,1638,TT,0.0,72.0,1.9,bruno-armirail
team-visma-lease-a-bike-2026,WorldTeam,Filippo,FIORELLI,F. Fiorelli,IT,ITA,1994,32,67,62,64,60,74,71,62,66,66,225,295,1464,Hills,0.0,66.0,,filippo-fiorelli
team-visma-lease-a-bike-2026,WorldTeam,Wilco,KELDERMAN,W. Kelderman,NL,NED,1991,35,62,78,47,71,68,77,56,67,67,204,332,9507,GC,0.0,65.0,1.85,wilco-kelderman
team-visma-lease-a-bike-2026,WorldTeam,Victor,CAMPENAERTS,V. Campenaerts,BE,BEL,1991,35,69,58,52,76,62,72,64,65,65,197,342,3829,TT,9.6,68.0,1.73,victor-campenaerts
team-visma-lease-a-bike-2026,WorldTeam,Axel,ZINGLE,A. Zingle,FR,FRA,1998,28,77,54,69,65,70,73,69,68,68,184,367,2939,Oneday,2.7,67.0,1.73,axel-zingle
team-visma-lease-a-bike-2026,WorldTeam,Anton,SCHIFFER,A. Schiffer,DE,GER,1999,27,60,73,46,67,65,74,54,64,64,157,411,331,GC,0.0,62.0,1.78,anton-schiffer
team-visma-lease-a-bike-2026,WorldTeam,Tijmen,GRAAT,T. Graat,NL,NED,2003,23,59,74,46,67,66,74,54,64,67,125,479,335,GC,0.0,,1.76,tijmen-graat
team-visma-lease-a-bike-2026,WorldTeam,Timo,KIELICH,T. Kielich,BE,BEL,1999,27,75,47,69,61,63,69,72,64,64,115,518,943,Oneday,49.2,73.0,1.85,timo-kielich
team-visma-lease-a-bike-2026,WorldTeam,Edoardo,AFFINI,E. Affini,IT,ITA,1996,30,74,53,54,81,59,73,62,66,66,103,549,1676,TT,0.0,85.0,1.9,edoardo-affini
team-visma-lease-a-bike-2026,WorldTeam,Tim,REX,T. Rex,BE,BEL,2004,22,57,66,43,63,59,69,53,60,64,65,733,67,GC,0.0,70.0,1.9,tim-rex
team-visma-lease-a-bike-2026,WorldTeam,Owain,DOULL,O. Doull,GB,GBR,1993,33,71,48,61,61,62,68,65,62,62,55,795,1610,Oneday,14.7,71.0,1.81,owain-doull
team-visma-lease-a-bike-2026,WorldTeam,Menno,HUISING,M. Huising,NL,NED,2004,22,68,50,59,59,62,67,61,61,65,52,824,139,Oneday,0.0,,1.85,menno-huising
team-visma-lease-a-bike-2026,WorldTeam,Loe,VAN BELLE,L. van Belle,NL,NED,2002,24,70,47,62,59,60,66,62,61,63,48,851,168,Oneday,4.9,,1.84,loe-van-belle
team-visma-lease-a-bike-2026,WorldTeam,Pietro,MATTIO,P. Mattio,IT,ITA,2004,22,59,53,55,53,65,62,56,58,62,45,874,68,Hills,0.0,70.0,1.84,pietro-mattio
team-visma-lease-a-bike-2026,WorldTeam,Steven,KRUIJSWIJK,S. Kruijswijk,NL,NED,1987,39,51,70,36,60,59,67,46,57,57,30,1037,6283,GC,0.0,63.0,1.78,steven-kruijswijk
team-visma-lease-a-bike-2026,WorldTeam,Niklas,BEHRENS,N. Behrens,DE,GER,2003,23,69,36,73,52,52,61,58,57,60,20,1273,183,Sprint,0.0,80.0,1.95,niklas-behrens
team-visma-lease-a-bike-2026,WorldTeam,Simon,YATES,S. Yates,GB,GBR,1992,34,61,87,49,70,75,82,58,71,71,0,,10548,Climber,0.0,58.0,1.72,simon-yates
uae-team-emirates-xrg-2026,WorldTeam,Tadej,POGAČAR,T. Pogačar,SI,SLO,1998,28,79,95,67,85,89,93,91,85,85,4606,1,26899,Climber,529,66.0,1.76,tadej-pogacar
uae-team-emirates-xrg-2026,WorldTeam,Isaac,DEL TORO,I. Del Toro,MX,MEX,2003,23,72,91,61,80,83,90,76,80,85,3114,3,5635,Climber,41.5,64.0,1.8,isaac-del-toro
uae-team-emirates-xrg-2026,WorldTeam,Jay,VINE,J. Vine,AU,AUS,1995,31,75,73,58,84,72,82,67,74,74,1100,26,3247,TT,0.0,69.0,1.84,jay-vine
uae-team-emirates-xrg-2026,WorldTeam,Brandon,MCNULTY,B. Mcnulty,US,USA,1998,28,72,83,57,80,75,84,65,75,75,922,36,6097,GC,0.0,69.0,1.83,brandon-mcnulty
uae-team-emirates-xrg-2026,WorldTeam,Jan,CHRISTEN,J. Christen,CH,SUI,2004,22,75,66,66,69,75,78,74,72,79,863,44,2067,Oneday,28.7,60.0,1.83,jan-christen
uae-team-emirates-xrg-2026,WorldTeam,Benoît,COSNEFROY,B. Cosnefroy,FR,FRA,1995,31,81,64,73,72,78,80,79,75,75,843,47,6049,Oneday,29.9,65.0,1.79,benoit-cosnefroy
uae-team-emirates-xrg-2026,WorldTeam,Adam,YATES,A. Yates,GB,GBR,1992,34,65,89,53,74,78,85,61,74,74,838,48,13257,Climber,0.0,58.0,1.73,adam-yates
uae-team-emirates-xrg-2026,WorldTeam,João,ALMEIDA,J. Almeida,PT,POR,1998,28,70,88,55,80,77,86,64,76,76,833,51,8934,GC,0.0,63.0,1.78,joao-almeida
uae-team-emirates-xrg-2026,WorldTeam,Jhonatan,NARVÁEZ,J. Narváez,EC,ECU,1997,29,72,74,66,68,82,78,76,73,73,782,55,4098,Hills,45.9,65.0,1.74,jhonatan-narvaez
uae-team-emirates-xrg-2026,WorldTeam,Florian,VERMEERSCH,F. Vermeersch,BE,BEL,1999,27,83,52,73,72,69,76,86,71,71,571,85,2659,Oneday,257.9,85.0,1.93,florian-vermeersch
uae-team-emirates-xrg-2026,WorldTeam,António,MORGADO,A. Morgado,PT,POR,2004,22,79,57,70,68,73,76,82,70,76,570,89,1666,Oneday,161.2,71.0,1.8,antonio-morgado
uae-team-emirates-xrg-2026,WorldTeam,Igor,ARRIETA,I. Arrieta,ES,ESP,2002,24,61,82,50,69,73,80,57,69,73,554,94,1091,Climber,0.0,64.0,1.82,igor-arrieta-lizarraga
uae-team-emirates-xrg-2026,WorldTeam,Pavel,SIVAKOV,P. Sivakov,FR,FRA,1997,29,68,81,53,75,72,82,61,72,72,473,112,4726,GC,0.0,70.0,1.88,pavel-sivakov
uae-team-emirates-xrg-2026,WorldTeam,Kevin,VERMAERKE,K. Vermaerke,US,USA,2000,26,66,78,53,72,72,79,62,70,70,441,129,1746,GC,2,67.0,1.81,kevin-vermaerke
uae-team-emirates-xrg-2026,WorldTeam,Tim,WELLENS,T. Wellens,BE,BEL,1991,35,68,74,54,73,70,78,76,70,70,440,130,10666,GC,266.3,71.0,1.82,tim-wellens
uae-team-emirates-xrg-2026,WorldTeam,Felix,GROßSCHARTNER,F. Großschartner,AT,AUT,1993,33,65,78,51,73,70,79,59,69,69,401,151,4670,GC,0.0,64.0,1.84,felix-grossschartner
uae-team-emirates-xrg-2026,WorldTeam,Marc,SOLER,M. Soler,ES,ESP,1993,33,61,83,49,70,72,81,57,69,69,367,160,4653,Climber,0.0,68.0,1.86,marc-soler
uae-team-emirates-xrg-2026,WorldTeam,Adrià,PERICAS,A. Pericas,ES,ESP,2006,20,61,77,47,68,68,75,58,66,73,310,198,399,GC,0.0,60.0,1.73,adria-pericas-capdevila
uae-team-emirates-xrg-2026,WorldTeam,Nils,POLITT,N. Politt,DE,GER,1994,32,81,53,70,71,68,75,85,70,70,303,207,4135,Oneday,374.7,80.0,1.92,nils-politt
uae-team-emirates-xrg-2026,WorldTeam,Ivo,OLIVEIRA,I. Oliveira,PT,POR,1996,30,71,58,55,77,63,73,61,66,66,215,307,818,TT,0.0,68.0,1.85,ivo-emanuel-alves
uae-team-emirates-xrg-2026,WorldTeam,Juan Sebastián,MOLANO,J. S. Molano,CO,COL,1994,32,78,47,85,60,63,71,75,67,67,212,313,3131,Sprint,40.4,72.0,1.8,juan-sebastian-molano
uae-team-emirates-xrg-2026,WorldTeam,Julius,JOHANSEN,J. Johansen,DK,DEN,1999,27,71,54,53,78,59,72,60,64,64,174,382,546,TT,0.0,77.0,1.88,julius-johansen
uae-team-emirates-xrg-2026,WorldTeam,Mikkel,BJERG,M. Bjerg,DK,DEN,1998,28,74,57,55,81,62,75,74,67,67,167,397,2046,TT,98.1,78.0,1.91,mikkel-bjerg
uae-team-emirates-xrg-2026,WorldTeam,Rui,OLIVEIRA,R. Oliveira,PT,POR,1996,30,70,59,67,61,72,70,66,66,66,167,396,1113,Hills,5.5,70.0,1.83,rui-oliveira
uae-team-emirates-xrg-2026,WorldTeam,Rune,HERREGODTS,R. Herregodts,BE,BEL,1998,28,70,56,54,74,62,72,60,65,65,122,489,965,TT,0.0,70.0,1.81,rune-herregodts
uae-team-emirates-xrg-2026,WorldTeam,Pablo,TORRES,P. Torres,ES,ESP,2005,21,55,77,43,64,66,75,54,63,69,88,611,259,Climber,0.0,,1.74,pablo-torres-arias
uae-team-emirates-xrg-2026,WorldTeam,Domen,NOVAK,D. Novak,SI,SLO,1995,31,60,73,45,68,64,74,54,64,64,81,642,756,GC,0.0,70.0,1.81,domen-novak
uae-team-emirates-xrg-2026,WorldTeam,Filippo,BARONCINI,F. Baroncini,IT,ITA,2000,26,72,51,62,64,63,70,68,64,64,39,943,1038,Oneday,24.2,74.0,1.88,filippo-baroncini
uae-team-emirates-xrg-2026,WorldTeam,Luca,GIAIMI,L. Giaimi,IT,ITA,2005,21,63,49,47,69,54,65,56,58,64,37,964,72,TT,0.0,,1.83,luca-giaimi
uae-team-emirates-xrg-2026,WorldTeam,Vegard Stake,LAENGEN,V. S. Laengen,NO,NOR,1989,37,57,59,40,63,55,66,49,57,57,20,1241,1511,GC,0.0,79.0,1.95,vegard-stake-laengen
uno-x-mobility-2026,WorldTeam,Tobias Halland,JOHANNESSEN,T. H. Johannessen,NO,NOR,1999,27,67,89,56,74,79,86,67,75,75,1306,17,4041,Climber,8.7,62.0,1.76,tobias-halland-johannessen
uno-x-mobility-2026,WorldTeam,Søren,WÆRENSKJOLD,S. Wærenskjold,NO,NOR,2000,26,87,52,76,75,68,78,87,73,73,896,39,2983,Oneday,164.8,92.0,1.95,soren-waerenskjold
uno-x-mobility-2026,WorldTeam,Andreas,LEKNESSUND,A. Leknessund,NO,NOR,1999,27,68,79,53,76,71,80,61,71,71,564,91,2311,GC,0.0,72.0,1.86,andreas-leknessund
uno-x-mobility-2026,WorldTeam,Jonas,ABRAHAMSEN,J. Abrahamsen,NO,NOR,1995,31,81,53,73,68,71,75,84,70,70,479,109,1781,Oneday,206.4,78.0,1.83,jonas-abrahamsen
uno-x-mobility-2026,WorldTeam,Johannes,KULSET,J. Kulset,NO,NOR,2004,22,62,80,49,70,71,78,60,68,74,418,139,974,GC,0.0,58.0,1.75,johannes-kulset
uno-x-mobility-2026,WorldTeam,Andreas,KRON,A. Kron,DK,DEN,1998,28,66,72,60,63,80,74,68,69,69,321,189,2092,Hills,20.6,63.0,1.77,andreas-kron
uno-x-mobility-2026,WorldTeam,Anthon,CHARMIG,A. Charmig,DK,DEN,1998,28,65,74,52,71,69,77,59,68,68,319,192,1206,GC,0.0,66.0,1.82,anthon-charmig
uno-x-mobility-2026,WorldTeam,Erlend,BLIKRA,E. Blikra,NO,NOR,1997,29,80,45,86,60,60,71,70,67,67,309,199,1034,Sprint,2.5,75.0,1.86,erlend-blikra
uno-x-mobility-2026,WorldTeam,Torstein,TRÆEN,T. Træen,NO,NOR,1995,31,62,80,48,70,69,78,56,68,68,295,217,1297,GC,0.0,63.0,1.81,torstein-traeen
uno-x-mobility-2026,WorldTeam,Anders Halland,JOHANNESSEN,A. H. Johannessen,NO,NOR,1999,27,63,75,49,70,67,76,59,67,67,267,250,830,GC,2.5,,1.76,anders-halland-johannessen
uno-x-mobility-2026,WorldTeam,Fredrik,DVERSNES LAVIK,F. Dversnes Lavik,NO,NOR,1997,29,76,55,66,66,68,73,69,67,67,261,257,1308,Oneday,6.6,,,fredrik-dversnes
uno-x-mobility-2026,WorldTeam,Rasmus,TILLER,R. Tiller,NO,NOR,1996,30,81,49,73,67,67,74,80,68,68,258,262,2580,Oneday,88.5,84.0,1.87,rasmus-tiller
uno-x-mobility-2026,WorldTeam,Sakarias Koller,LØLAND,S. K. Løland,NO,NOR,2001,25,66,59,63,59,72,68,60,64,64,241,277,415,Hills,0.0,,1.8,sakarias-koller-loland
uno-x-mobility-2026,WorldTeam,Alexander,KAMP,A. Kamp,DK,DEN,1993,33,67,61,60,63,73,71,61,66,66,210,317,1954,Hills,0.0,74.0,1.86,alexander-kamp
uno-x-mobility-2026,WorldTeam,Magnus,CORT,M. Cort,DK,DEN,1993,33,68,65,63,63,75,73,70,68,68,184,366,5848,Hills,31.5,68.0,1.84,magnus-cort-nielsen
uno-x-mobility-2026,WorldTeam,Markus,HOELGAARD,M. Hoelgaard,NO,NOR,1994,32,75,53,66,65,67,72,75,66,66,183,368,2024,Oneday,80.3,74.0,1.88,markus-hoelgaard
uno-x-mobility-2026,WorldTeam,Martin,TJØTTA,M. Tjøtta,NO,NOR,2001,25,60,72,48,66,66,73,54,64,64,151,422,318,GC,0.0,,,martin-tjotta
uno-x-mobility-2026,WorldTeam,Henrik,PEDERSEN,H. Pedersen,DK,DEN,2004,22,73,46,77,57,59,68,65,63,67,151,423,244,Sprint,2.8,,1.81,henrik-pedersen
uno-x-mobility-2026,WorldTeam,Carl-Frederik,BÉVORT,C. Bévort,DK,DEN,2003,23,73,49,65,63,63,69,63,64,67,122,490,239,Oneday,0.7,,1.84,carl-frederik-bevort
uno-x-mobility-2026,WorldTeam,Ådne,HOLTER,Å. Holter,NO,NOR,2000,26,62,70,48,68,64,73,55,64,64,116,516,600,GC,0.0,,1.84,adne-holter
uno-x-mobility-2026,WorldTeam,Anders,SKAARSETH,A. Skaarseth,NO,NOR,1995,31,73,49,66,62,64,69,63,64,64,102,552,608,Oneday,0.0,,1.86,anders-skaarseth
uno-x-mobility-2026,WorldTeam,William,BLUME LEVY,W. Blume Levy,DK,DEN,2001,25,72,49,64,61,63,69,63,63,63,97,567,246,Oneday,1,,1.92,william-blume-levy
uno-x-mobility-2026,WorldTeam,Storm,INGEBRIGTSEN,S. Ingebrigtsen,NO,NOR,2005,21,70,42,76,53,55,65,61,60,66,65,731,106,Sprint,0.8,,1.94,storm-ingebrigtsen
uno-x-mobility-2026,WorldTeam,Toralf Rydningen,MARTINSEN,T. R. Martinsen,NO,NOR,2002,24,53,69,39,61,59,68,47,58,60,55,802,60,GC,0.0,64.0,1.78,toralf-rydningen-martinsen
uno-x-mobility-2026,WorldTeam,Simon,DALBY,S. Dalby,DK,DEN,2003,23,57,70,43,64,62,71,51,61,64,49,844,236,GC,0.0,,,simon-dalby
uno-x-mobility-2026,WorldTeam,Erik Nordsæter,RESELL,E. N. Resell,NO,NOR,1996,30,71,46,64,59,61,67,66,61,61,44,883,357,Oneday,17.8,,1.92,erik-nordsaeter-resell
uno-x-mobility-2026,WorldTeam,Stian,EDVARDSEN-FREDHEIM,S. Edvardsen-Fredheim,NO,NOR,2003,23,73,42,78,55,59,66,70,62,65,43,893,593,Sprint,40.6,72.0,1.84,stian-fredheim
uno-x-mobility-2026,WorldTeam,Jonas Hem,HVIDEBERG,J. H. Hvideberg,NO,NOR,1999,27,69,46,60,58,61,66,60,60,60,30,1045,232,Oneday,1.4,,1.85,jonas-hem-hvideberg
uno-x-mobility-2026,WorldTeam,Sven Erik,BYSTRØM,S. E. Bystrøm,NO,NOR,1992,34,69,48,60,60,62,67,59,61,61,29,1067,1877,Oneday,0.0,73.0,1.88,sven-erik-bystrom
uno-x-mobility-2026,WorldTeam,Martin,URIANSTAD BUGGE,M. Urianstad Bugge,NO,NOR,1999,27,67,46,60,55,60,64,57,59,59,25,1135,213,Oneday,0.0,61.0,1.75,martin-urianstad
uno-x-mobility-2026,WorldTeam,Tobias,SVARRE,T. Svarre,DK,DEN,2004,22,56,54,51,52,65,61,54,56,60,20,1262,58,Hills,0.0,,1.78,tobias-svarre
uno-x-mobility-2026,WorldTeam,Håkon Eiksund,ØKSNES,H. E. Øksnes,NO,NOR,2007,19,52,47,44,49,53,56,48,50,58,0,,0,,0.0,,,hakon-eiksund-oksnes
xds-astana-team-2026,WorldTeam,Christian,SCARONI,C. Scaroni,IT,ITA,1997,29,79,70,70,71,80,81,71,75,75,1471,13,3377,Oneday,0.0,63.0,1.75,christian-scaroni
xds-astana-team-2026,WorldTeam,Guillermo Thomas,SILVA,G. T. Silva,UY,URU,2001,25,71,70,66,66,80,76,67,72,72,893,40,1843,Hills,1.3,64.0,1.75,guillermo-thomas-silva-coussan
xds-astana-team-2026,WorldTeam,Max,KANTER,M. Kanter,DE,GER,1997,29,81,53,87,64,69,75,74,72,72,760,57,2619,Sprint,4.3,68.0,1.76,max-kanter
xds-astana-team-2026,WorldTeam,Harold,TEJADA,H. Tejada,CO,COL,1997,29,63,84,52,71,75,82,59,71,71,743,59,1905,Climber,0.0,63.0,1.8,harold-tejada
xds-astana-team-2026,WorldTeam,Matteo,MALUCELLI,M. Malucelli,IT,ITA,1993,33,80,47,88,60,61,72,68,68,68,560,92,1824,Sprint,0.0,68.0,1.71,matteo-malucelli
xds-astana-team-2026,WorldTeam,Henok,MULUBRHAN,H. Mulubrhan,ER,ERI,1999,27,69,76,58,73,71,80,62,71,71,510,99,2802,GC,0.0,60.0,1.76,henok-mulubrhan
xds-astana-team-2026,WorldTeam,Alberto,BETTIOL,A. Bettiol,IT,ITA,1993,33,77,58,68,68,72,75,77,70,70,483,106,4910,Oneday,54.1,69.0,1.8,alberto-bettiol
xds-astana-team-2026,WorldTeam,Mike,TEUNISSEN,M. Teunissen,NL,NED,1992,34,79,53,71,67,68,74,82,69,69,478,111,5144,Oneday,241.6,73.0,1.84,mike-teunissen
xds-astana-team-2026,WorldTeam,Nicolas,VINOKUROV,N. Vinokurov,KZ,KAZ,2002,24,66,73,53,72,67,77,59,68,72,473,115,658,GC,0.0,69.0,1.84,nicolas-vinokurov
xds-astana-team-2026,WorldTeam,Diego,ULISSI,D. Ulissi,IT,ITA,1989,37,74,63,64,66,72,75,65,69,69,468,117,14359,Oneday,0.0,63.0,1.75,diego-ulissi
xds-astana-team-2026,WorldTeam,Yevgeniy,FEDOROV,Y. Fedorov,KZ,KAZ,2000,26,81,52,70,70,67,75,79,69,69,422,137,1695,Oneday,74.4,80.0,1.93,yevgeniy-fedorov
xds-astana-team-2026,WorldTeam,Sergio,HIGUITA,S. Higuita,CO,COL,1997,29,63,85,52,70,76,82,61,71,71,406,146,4823,Climber,1.3,57.0,1.66,sergio-higuita
xds-astana-team-2026,WorldTeam,Clément,CHAMPOUSSIN,C. Champoussin,FR,FRA,1998,28,63,83,53,69,75,81,59,71,71,398,152,2939,Climber,0.0,61.0,1.8,clement-champoussin
xds-astana-team-2026,WorldTeam,Cristián,RODRÍGUEZ,C. Rodríguez,ES,ESP,1995,31,63,82,49,71,71,79,58,69,69,305,204,2430,GC,0.0,59.0,1.78,cristian-rodriguez
xds-astana-team-2026,WorldTeam,Simone,VELASCO,S. Velasco,IT,ITA,1995,31,75,62,68,65,75,75,67,70,70,303,208,3089,Oneday,0.0,59.0,1.7,simone-velasco
xds-astana-team-2026,WorldTeam,Lorenzo,FORTUNATO,L. Fortunato,IT,ITA,1996,30,59,87,48,69,74,82,56,70,70,300,210,2860,Climber,0.0,57.0,1.7,lorenzo-fortunato
xds-astana-team-2026,WorldTeam,Davide,BALLERINI,D. Ballerini,IT,ITA,1994,32,79,53,73,66,70,73,80,69,69,294,218,3196,Oneday,93.5,71.0,1.83,davide-ballerini
xds-astana-team-2026,WorldTeam,Aaron,GATE,A. Gate,NZ,NZL,1990,36,64,64,52,67,62,71,59,63,63,225,293,2259,GC,4.2,71.0,1.81,aaron-gate
xds-astana-team-2026,WorldTeam,Nikiforos,ARVANITOU,N. Arvanitou,GR,GRE,2003,23,74,45,79,58,59,68,63,64,67,194,350,338,Sprint,0.0,71.0,1.84,nikiforos-arvanitou
xds-astana-team-2026,WorldTeam,Davide,TONEATTI,D. Toneatti,IT,ITA,2001,25,71,53,62,61,66,70,63,64,64,149,426,318,Oneday,2.1,65.0,1.8,davide-toneatti
xds-astana-team-2026,WorldTeam,Haoyu,SU,H. Su,CN,CHN,2000,26,73,50,65,62,63,70,62,64,64,142,441,205,Oneday,0.0,66.0,1.81,haoyu-su
xds-astana-team-2026,WorldTeam,Nicola,CONCI,N. Conci,IT,ITA,1997,29,61,73,49,67,67,74,55,65,65,121,493,1228,GC,0.0,68.0,1.85,nicola-conci
xds-astana-team-2026,WorldTeam,Harold Martín,LÓPEZ,H. M. López,EC,ECU,2000,26,58,78,45,66,67,74,53,65,65,117,511,1141,GC,0.0,55.0,1.6,harold-martin-lopez
xds-astana-team-2026,WorldTeam,Alessandro,ROMELE,A. Romele,IT,ITA,2003,23,74,49,66,62,63,69,70,64,67,113,527,367,Oneday,27,71.0,1.86,alessandro-romele
xds-astana-team-2026,WorldTeam,Marco,SCHRETTL,M. Schrettl,AT,AUT,2003,23,68,52,60,59,64,67,59,62,65,83,634,159,Oneday,0.0,63.0,1.81,marco-schrettl
xds-astana-team-2026,WorldTeam,Gleb,SYRITSA,G. Syritsa,RU,RUS,2000,26,77,40,83,58,55,68,64,64,64,73,680,687,Sprint,0.0,85.0,1.9,gleb-syritsa
xds-astana-team-2026,WorldTeam,Arjen,LIVYNS,A. Livyns,BE,BEL,1994,32,70,52,62,59,66,68,71,63,63,62,746,867,Oneday,67.5,60.0,1.72,arjen-livyns
xds-astana-team-2026,WorldTeam,Darren,VAN BEKKUM,D. van Bekkum,NL,NED,2002,24,56,70,43,62,62,70,50,60,62,45,873,148,GC,0.0,62.0,1.76,darren-van-bekkum
xds-astana-team-2026,WorldTeam,Florian Samuel,KAJAMINI,F. S. Kajamini,IT,ITA,2003,23,57,58,52,53,68,63,53,58,61,31,1026,136,Hills,0.0,,1.74,florian-samuel-kajamini
xds-astana-team-2026,WorldTeam,Lev,GONOV,L. Gonov,RU,RUS,2000,26,68,40,71,53,53,62,57,58,58,28,1084,163,Sprint,0.0,76.0,1.86,lev-gonov
xds-astana-team-2026,WorldTeam,Anton,KUZMIN,A. Kuzmin,KZ,KAZ,1996,30,57,65,43,64,58,69,50,59,59,19,1285,348,GC,0.0,66.0,1.86,anton-kuzmin
bardiani-csf-7-saber-2026,ProTeam,Alex,TOLIO,A. Tolio,IT,ITA,2000,26,61,74,47,68,66,74,55,65,65,224,297,485,GC,0.0,,,alex-tolio
bardiani-csf-7-saber-2026,ProTeam,Luca,COVILI,L. Covili,IT,ITA,1997,29,61,78,47,69,68,77,55,67,67,220,300,775,GC,0.0,63.0,1.8,luca-covili
bardiani-csf-7-saber-2026,ProTeam,Enrico,ZANONCELLO,E. Zanoncello,IT,ITA,1997,29,76,47,84,58,61,70,66,66,66,205,330,901,Sprint,0.0,64.0,1.7,enrico-zanoncello
bardiani-csf-7-saber-2026,ProTeam,Martin,MARCELLUSI,M. Marcellusi,IT,ITA,2000,26,66,63,61,60,75,70,61,66,66,196,345,717,Hills,0.0,62.0,1.72,martin-marcellusi
bardiani-csf-7-saber-2026,ProTeam,Filippo,MAGLI,F. Magli,IT,ITA,1999,27,66,59,62,59,72,69,60,64,64,185,364,604,Hills,0.0,,,filippo-magli2
bardiani-csf-7-saber-2026,ProTeam,Filippo,TURCONI,F. Turconi,IT,ITA,2005,21,63,64,57,59,73,69,61,64,70,174,384,277,Hills,0.0,,,filippo-turconi
bardiani-csf-7-saber-2026,ProTeam,Luca,PALETTI,L. Paletti,IT,ITA,2004,22,57,75,46,64,68,75,56,64,68,140,444,203,Climber,0.0,,,luca-paletti
bardiani-csf-7-saber-2026,ProTeam,Nikita,TSVETKOV,N. Tsvetkov,UZ,UZB,2005,21,73,48,75,59,59,68,65,64,70,136,458,288,Sprint,0.0,67.0,1.81,nikita-tsvetkov
bardiani-csf-7-saber-2026,ProTeam,Luca,COLNAGHI,L. Colnaghi,IT,ITA,1999,27,72,47,79,55,62,67,63,64,64,102,554,478,Sprint,0.0,63.0,1.71,luca-colnaghi
bardiani-csf-7-saber-2026,ProTeam,Marco,MANENTI,M. Manenti,IT,ITA,2002,24,63,55,61,55,68,65,57,61,63,95,581,95,Hills,0.0,,1.84,marco-manenti1
bardiani-csf-7-saber-2026,ProTeam,Martin Santiago,HERREÑO,M. S. Herreño,CO,COL,2006,20,58,67,44,64,61,70,54,61,68,74,678,74,GC,0.0,,,martin-santiago-herreno
bardiani-csf-7-saber-2026,ProTeam,Vicente,ROJAS,V. Rojas,CL,CHI,2002,24,70,48,63,59,62,67,60,62,64,65,730,223,Oneday,0.0,,1.69,vicente-rojas
bardiani-csf-7-saber-2026,ProTeam,Alessio,MARTINELLI,A. Martinelli,IT,ITA,2001,25,54,74,44,60,67,72,50,62,62,58,778,253,Climber,0.0,59.0,1.7,alessio-martinelli
bardiani-csf-7-saber-2026,ProTeam,Diyor,TAKHIROV,D. Takhirov,UZ,UZB,2005,21,67,43,58,55,57,63,59,57,63,36,972,48,Oneday,0.0,70.0,1.86,diyor-takhirov
bardiani-csf-7-saber-2026,ProTeam,Lorenzo,CONFORTI,L. Conforti,IT,ITA,2004,22,69,42,75,52,56,63,62,60,64,35,986,186,Sprint,0.0,66.0,1.81,lorenzo-conforti
bardiani-csf-7-saber-2026,ProTeam,Manuele,TAROZZI,M. Tarozzi,IT,ITA,1998,28,58,68,46,63,61,70,51,61,61,30,1044,336,GC,0.0,,,manuele-tarozzi
bardiani-csf-7-saber-2026,ProTeam,Edward,CRUZ,E. Cruz,CO,COL,2006,20,56,52,51,51,63,60,54,56,63,24,1174,24,Hills,0.0,,,edward-martinez-cruz
bardiani-csf-7-saber-2026,ProTeam,Filippo,CETTOLIN,F. Cettolin,IT,ITA,2006,20,66,35,73,47,49,59,58,55,62,22,1215,22,Sprint,0.0,,,filippo-cettolin
bardiani-csf-7-saber-2026,ProTeam,Sergey,ROSTOVTSEV,S. Rostovtsev,UZ,UZB,1997,29,70,36,75,51,51,61,58,57,57,20,1246,174,Sprint,0.0,77.0,1.8,sergey-rostovtsev
bardiani-csf-7-saber-2026,ProTeam,Samandar,JANIKULOV,S. Janikulov,UZ,UZB,2004,22,62,41,55,51,55,60,55,54,58,11,1594,20,Oneday,0.0,63.0,1.75,samandar-janikulov
bardiani-csf-7-saber-2026,ProTeam,Santiago,FERRARO,S. Ferraro,IT,ITA,2006,20,50,62,36,56,54,63,46,54,61,10,1691,12,GC,0.0,65.0,1.77,santiago-ferraro
bardiani-csf-7-saber-2026,ProTeam,Mattia,PINAZZI,M. Pinazzi,IT,ITA,2001,25,66,34,73,47,49,58,55,54,54,6,1923,84,Sprint,0.0,,,mattia-pinazzi
bardiani-csf-7-saber-2026,ProTeam,Abdurahmon,NEMATOV,A. Nematov,UZ,UZB,2005,21,56,43,39,62,48,58,49,51,57,4,2151,5,TT,0.0,,,abdurahmon-nematov
bardiani-csf-7-saber-2026,ProTeam,Andrea,MONTAGNER,A. Montagner,IT,ITA,2006,20,47,42,42,41,54,50,44,46,53,0,,0,Hills,0.0,,,andrea-montagner
bardiani-csf-7-saber-2026,ProTeam,Mattia,STENICO,M. Stenico,IT,ITA,2006,20,47,42,42,41,54,50,44,46,53,0,,0,Hills,0.0,,,mattia-stenico
bardiani-csf-7-saber-2026,ProTeam,Matteo,TURCONI,M. Turconi,IT,ITA,2007,19,48,43,40,45,48,53,44,46,54,0,,0,,0.0,67.0,1.85,matteo-turconi
burgos-burpellet-bh-2026,ProTeam,Eric Antonio,FAGÚNDEZ,E. A. Fagúndez,UY,URU,1998,28,76,57,67,68,70,74,66,69,69,412,141,1338,Oneday,0.0,67.0,1.8,eric-antonio-fagundez
burgos-burpellet-bh-2026,ProTeam,Daniel,CAVIA,D. Cavia,ES,ESP,2002,24,66,59,63,58,71,68,60,64,66,252,270,318,Hills,0.0,65.0,1.69,daniel-cavia-sanz
burgos-burpellet-bh-2026,ProTeam,José Manuel,DÍAZ,J. M. Díaz,ES,ESP,1995,31,62,78,48,69,69,77,56,67,67,220,299,1350,GC,0.0,64.0,1.77,jose-manuel-diaz-gallego
burgos-burpellet-bh-2026,ProTeam,Josh,BURNETT,J. Burnett,NZ,NZL,2000,26,62,69,48,68,63,73,55,64,64,204,333,385,GC,0.0,71.0,1.87,josh-burnett
burgos-burpellet-bh-2026,ProTeam,César,MACÍAS,C. Macías,MX,MEX,2003,23,72,48,79,54,62,67,63,64,67,201,338,287,Sprint,0.0,57.0,1.65,cesar-macias-estrada
burgos-burpellet-bh-2026,ProTeam,Merhawi,KUDUS,M. Kudus,ER,ERI,1994,32,63,76,50,69,69,77,57,67,67,195,346,2858,GC,0.0,58.0,1.73,merhawi-kudus
burgos-burpellet-bh-2026,ProTeam,Lorenzo,QUARTUCCI,L. Quartucci,IT,ITA,1999,27,64,69,53,66,66,73,57,65,65,191,354,661,GC,0.0,64.0,1.7,lorenzo-quartucci
burgos-burpellet-bh-2026,ProTeam,Jesús,HERRADA,J. Herrada,ES,ESP,1990,36,62,72,48,68,66,74,56,65,65,185,362,5913,GC,0.0,70.0,1.83,jesus-herrada-lopez
burgos-burpellet-bh-2026,ProTeam,Alexandre,MAYER,A. Mayer,MU,MRI,1998,28,70,56,54,74,62,72,60,65,65,175,380,635,TT,0.0,65.0,1.78,alexandre-mayer
burgos-burpellet-bh-2026,ProTeam,Clément,ALLENO,C. Alleno,FR,FRA,2000,26,66,59,61,60,71,69,60,64,64,169,392,368,Hills,0.0,69.0,1.8,clement-alleno
burgos-burpellet-bh-2026,ProTeam,Sergio Geovani,CHUMIL,S. G. Chumil,GT,GUA,2000,26,58,74,48,63,67,74,53,64,64,155,415,497,Climber,0.0,62.0,1.67,sergio-geovani-chumil-gonzalez
burgos-burpellet-bh-2026,ProTeam,Hugo,DE LA CALLE,H. De La Calle,ES,ESP,2004,22,57,75,47,63,68,75,56,64,68,139,449,227,Climber,0.0,65.0,1.8,hugo-de-la-calle-arango
burgos-burpellet-bh-2026,ProTeam,Mario,APARICIO,M. Aparicio,ES,ESP,2000,26,61,72,46,68,64,74,54,64,64,90,601,473,GC,0.0,69.0,1.85,mario-aparicio-munoz
burgos-burpellet-bh-2026,ProTeam,José Luis,FAURA,J. L. Faura,ES,ESP,2000,26,57,70,42,64,61,71,50,61,61,72,684,100,GC,0.0,67.0,1.82,jose-luis-faura-asensio
burgos-burpellet-bh-2026,ProTeam,Jambaljamts,SAINBAYAR,J. Sainbayar,MN,MGL,1996,30,71,53,63,62,64,70,61,64,64,70,695,1378,Oneday,0.0,60.0,1.71,jambaljamts-sainbayar
burgos-burpellet-bh-2026,ProTeam,Carlos,GARCÍA PIERNA,C. García Pierna,ES,ESP,1999,27,56,71,42,63,63,70,50,61,61,62,747,110,GC,0.0,58.0,1.71,carlos-garcia-pierna
burgos-burpellet-bh-2026,ProTeam,Georgios,BOUGLAS,G. Bouglas,GR,GRE,1990,36,69,39,74,52,52,62,58,58,58,51,825,605,Sprint,0.0,71.0,1.81,georgios-bouglas
burgos-burpellet-bh-2026,ProTeam,Rodrigo,ÁLVAREZ,R. Álvarez,ES,ESP,1999,27,67,40,74,50,55,61,57,58,58,47,860,77,Sprint,0.0,65.0,1.75,rodrigo-alvarez-rogriguez
burgos-burpellet-bh-2026,ProTeam,Ander,OKAMIKA,A. Okamika,ES,ESP,1993,33,57,65,43,63,59,69,50,59,59,35,984,404,GC,0.0,70.0,1.9,ander-okamika
burgos-burpellet-bh-2026,ProTeam,Sinuhé,FERNÁNDEZ,S. Fernández,ES,ESP,2000,26,49,66,36,57,56,65,44,55,55,12,1554,32,GC,0.0,60.0,1.8,sinuhe-fernandez-rodriguez
burgos-burpellet-bh-2026,ProTeam,Vojtěch,KMÍNEK,V. Kmínek,CZ,CZE,2000,26,64,32,69,46,48,56,53,52,52,5,1996,17,Sprint,0.0,75.0,1.87,vojtech-kminek
burgos-burpellet-bh-2026,ProTeam,Maksym,BILYI,M. Bilyi,UA,UKR,2001,25,45,68,34,52,58,64,41,54,54,4,2081,35,Climber,0.0,55.0,1.65,maksym-bilyi
burgos-burpellet-bh-2026,ProTeam,Martín,REY,M. Rey,ES,ESP,2003,23,46,43,42,41,54,50,41,46,49,0,,0,Hills,0.0,65.0,1.77,martin-rey-vazquez
burgos-burpellet-bh-2026,ProTeam,Tomoya,KOYAMA,T. Koyama,JP,JPN,1998,28,55,30,61,38,42,50,45,46,46,0,,0,Sprint,0.0,61.0,1.73,tomoya-koyama
burgos-burpellet-bh-2026,ProTeam,Adrián,FAJARDO,A. Fajardo,ES,ESP,2003,23,38,60,30,46,50,57,35,47,50,0,,0,Climber,0.0,63.0,1.76,adrian-fajardo
caja-rural-seguros-rga-2026,ProTeam,Sebastian,BERWICK,S. Berwick,AU,AUS,1999,27,64,79,50,71,70,79,58,69,69,500,103,1033,GC,0.0,59.0,1.75,sebastian-berwick
caja-rural-seguros-rga-2026,ProTeam,Jan,CASTELLON,J. Castellon,ES,ESP,2003,23,61,77,48,69,68,76,56,66,69,302,209,493,GC,0.0,55.0,1.7,jan-castellon
caja-rural-seguros-rga-2026,ProTeam,Fernando,GAVIRIA,F. Gaviria,CO,COL,1994,32,81,49,87,62,65,73,70,70,70,271,248,6322,Sprint,0.0,71.0,1.81,fernando-gaviria
caja-rural-seguros-rga-2026,ProTeam,Alex,MOLENAAR,A. Molenaar,NL,NED,1999,27,66,64,61,62,75,71,61,66,66,242,273,839,Hills,0.0,63.0,1.84,alex-molenaar
caja-rural-seguros-rga-2026,ProTeam,Abel,BALDERSTONE,A. Balderstone,ES,ESP,2000,26,59,76,45,68,66,75,54,65,65,212,314,475,GC,0.0,61.0,1.79,abel-balderstone-roumens
caja-rural-seguros-rga-2026,ProTeam,Fernando,BARCELÓ,F. Barceló,ES,ESP,1996,30,65,67,60,61,76,72,61,67,67,194,349,1328,Hills,0.0,65.0,1.74,fernando-barcelo
caja-rural-seguros-rga-2026,ProTeam,Iúri,LEITÃO,I. Leitão,PT,POR,1998,28,75,47,80,58,61,69,67,65,65,193,351,654,Sprint,3.5,65.0,1.75,iuri-leitao
caja-rural-seguros-rga-2026,ProTeam,Stefano,OLDANI,S. Oldani,IT,ITA,1998,28,67,64,63,61,76,71,62,67,67,182,373,1535,Hills,0.0,65.0,1.78,stefano-oldani
caja-rural-seguros-rga-2026,ProTeam,José Félix,PARRA,J. F. Parra,ES,ESP,1997,29,59,80,45,67,69,76,54,66,66,178,377,849,GC,0.0,55.0,1.71,jose-felix-parra
caja-rural-seguros-rga-2026,ProTeam,Joel,NICOLAU,J. Nicolau,ES,ESP,1997,29,63,64,58,59,73,69,58,64,64,171,389,604,Hills,0.0,66.0,1.76,joel-nicolau
caja-rural-seguros-rga-2026,ProTeam,Eduard,PRADES,E. Prades,ES,ESP,1987,39,60,59,54,55,69,65,55,60,60,134,461,3121,Hills,0.0,63.0,1.78,eduard-prades
caja-rural-seguros-rga-2026,ProTeam,Samuel,FERNÁNDEZ,S. Fernández,ES,ESP,2003,23,57,76,44,65,66,73,52,64,67,128,474,183,GC,0.0,57.0,1.75,samuel-fernandez-garcia
caja-rural-seguros-rga-2026,ProTeam,Jaume,GUARDEÑO,J. Guardeño,ES,ESP,2003,23,58,75,44,66,65,74,52,64,67,120,500,208,GC,0.0,62.0,1.75,jaume-guardeno
caja-rural-seguros-rga-2026,ProTeam,Sergi,DARDER,S. Darder,ES,ESP,2003,23,65,57,63,57,70,67,64,63,66,119,506,178,Hills,11.9,67.0,1.73,sergi-darder
caja-rural-seguros-rga-2026,ProTeam,Joan,BOU,J. Bou,ES,ESP,1997,29,59,74,46,66,66,74,54,64,64,113,526,627,GC,0.0,62.0,1.82,joan-bou
caja-rural-seguros-rga-2026,ProTeam,Gorka,SORARRAIN,G. Sorarrain,ES,ESP,1996,30,65,57,59,59,69,67,61,63,63,85,624,225,Hills,2.5,76.0,1.85,gorka-sorarrain
caja-rural-seguros-rga-2026,ProTeam,Jakub,OTRUBA,J. Otruba,CZ,CZE,1998,28,63,68,47,71,62,74,55,64,64,78,656,796,GC,0.0,75.0,1.9,jakub-otruba
caja-rural-seguros-rga-2026,ProTeam,Francisco Joel,PEÑUELA,F. J. Peñuela,VE,VEN,2001,25,61,60,57,55,71,66,56,62,62,60,759,221,Hills,0.0,56.0,1.75,francisco-penuela
caja-rural-seguros-rga-2026,ProTeam,Julen,ARRIOLABENGOA,J. Arriolabengoa,ES,ESP,2001,25,47,74,37,56,63,69,44,58,58,36,966,52,Climber,0.0,52.0,1.74,julen-arriola-bengoa-beitia
caja-rural-seguros-rga-2026,ProTeam,Joseba,LÓPEZ,J. López,ES,ESP,2000,26,55,53,51,49,64,59,50,55,55,10,1659,49,Hills,0.0,66.0,1.81,joseba-lopez-cuesta
caja-rural-seguros-rga-2026,ProTeam,Alex,DÍAZ,A. Díaz,ES,ESP,2001,25,50,62,37,56,55,63,44,54,54,10,1650,14,GC,0.0,62.0,1.67,alex-diaz-alvarez
caja-rural-seguros-rga-2026,ProTeam,Iker,VILLAR,I. Villar,ES,ESP,2006,20,60,30,65,42,44,53,52,49,56,2,2372,2,Sprint,0.0,73.0,1.83,iker-villar
caja-rural-seguros-rga-2026,ProTeam,Marc,RUBIROLA,M. Rubirola,ES,ESP,2004,22,46,44,42,40,55,51,44,46,50,0,,0,Hills,0.0,61.0,1.73,marc-rubirola
caja-rural-seguros-rga-2026,ProTeam,Pablo,LOSPITAO,P. Lospitao,ES,ESP,2005,21,47,43,42,41,54,51,44,46,52,0,,0,Hills,0.0,67.5,1.87,pablo-lospitao
caja-rural-seguros-rga-2026,ProTeam,Javier,IBÁÑEZ,J. Ibáñez,ES,ESP,2001,25,49,45,45,43,56,53,44,48,48,0,,5,Hills,0.0,67.0,1.88,javier-ibanez-beltran-de-salazar
caja-rural-seguros-rga-2026,ProTeam,Nil,AGUILERA,N. Aguilera,ES,ESP,2004,22,38,60,30,46,50,57,38,47,51,0,,0,Climber,0.0,62.0,1.8,nil-aguilera
caja-rural-seguros-rga-2026,ProTeam,Estanislao,CALABUIG,E. Calabuig,ES,ESP,2004,22,47,42,42,41,54,51,44,46,50,0,,0,Hills,0.0,69.0,1.84,estanislao-calabuig
caja-rural-seguros-rga-2026,ProTeam,Gorka,CORRES,G. Corres,ES,ESP,2005,21,46,44,42,40,55,50,44,46,52,0,,0,Hills,0.0,63.0,1.76,gorka-corres-ibanez-de-opakua
caja-rural-seguros-rga-2026,ProTeam,Ellande,LARRONDE,E. Larronde,FR,FRA,2006,20,47,42,42,41,54,50,44,46,53,0,,0,Hills,0.0,71.0,1.83,ellande-larronde
cofidis-2026,ProTeam,Ion,IZAGIRRE,I. Izagirre,ES,ESP,1989,37,66,82,51,74,73,80,60,71,71,932,34,10483,GC,0.0,60.0,1.73,ion-izagirre
cofidis-2026,ProTeam,Alex,ARANBURU,A. Aranburu,ES,ESP,1995,31,79,66,71,70,78,79,71,74,74,765,56,5217,Oneday,0.0,63.0,1.78,alex-aranburu
cofidis-2026,ProTeam,Milan,FRETIN,M. Fretin,BE,BEL,2001,25,82,53,77,67,69,76,79,71,71,590,77,1873,Oneday,50.6,70.0,1.82,milan-fretin
cofidis-2026,ProTeam,Stanisław,ANIOŁKOWSKI,S. Aniołkowski,PL,POL,1997,29,81,52,86,64,67,74,76,71,71,585,80,2219,Sprint,16.9,68.0,1.81,stanislaw-aniolkowski
cofidis-2026,ProTeam,Alexis,RENARD,A. Renard,FR,FRA,1999,27,80,51,73,66,67,74,78,68,68,364,165,1474,Oneday,62,74.0,1.86,alexis-renard
cofidis-2026,ProTeam,Bryan,COQUARD,B. Coquard,FR,FRA,1992,34,77,53,82,61,67,73,71,69,69,363,166,8228,Sprint,5,59.0,1.71,bryan-coquard
cofidis-2026,ProTeam,Jenthe,BIERMANS,J. Biermans,BE,BEL,1995,31,80,51,72,67,69,73,82,69,69,291,224,2051,Oneday,152,78.0,1.84,jenthe-biermans
cofidis-2026,ProTeam,Benjamin,THOMAS,B. Thomas,FR,FRA,1995,31,73,60,59,77,66,75,64,68,68,262,255,2143,TT,0.0,68.0,1.79,benjamin-thomas-2
cofidis-2026,ProTeam,Clément,IZQUIERDO,C. Izquierdo,FR,FRA,2002,24,62,69,49,67,64,73,55,64,66,216,305,337,GC,0.0,,,clement-izquierdo
cofidis-2026,ProTeam,Hugo,PAGE,H. Page,FR,FRA,2001,25,76,50,70,64,67,71,73,66,66,209,321,1160,Oneday,28.2,71.0,1.85,hugo-page
cofidis-2026,ProTeam,Jamie,MEEHAN,J. Meehan,IE,IRL,2003,23,59,74,45,67,65,74,53,64,67,200,340,232,GC,0.0,,,jamie-meehan
cofidis-2026,ProTeam,Dylan,TEUNS,D. Teuns,BE,BEL,1992,34,62,75,49,68,69,75,66,66,66,159,405,6574,GC,69,64.0,1.81,dylan-teuns
cofidis-2026,ProTeam,Sam,MAISONOBE,S. Maisonobe,FR,FRA,2003,23,60,72,47,67,65,73,56,64,67,148,428,241,GC,2,,,sam-maisonobe
cofidis-2026,ProTeam,Sylvain,MONIQUET,S. Moniquet,BE,BEL,1998,28,60,76,47,67,68,75,55,66,66,131,464,1182,GC,0.0,61.0,1.75,sylvain-moniquet
cofidis-2026,ProTeam,Louis,ROULAND,L. Rouland,FR,FRA,2002,24,57,77,44,65,66,74,52,64,66,124,482,244,GC,0.0,55.0,1.84,louis-rouland
cofidis-2026,ProTeam,Emanuel,BUCHMANN,E. Buchmann,DE,GER,1992,34,57,78,43,66,66,74,52,64,64,82,636,4863,GC,0.0,59.0,1.8,emanuel-buchmann
cofidis-2026,ProTeam,Valentin,FERRON,V. Ferron,FR,FRA,1998,28,72,51,63,61,67,69,62,64,64,77,663,1014,Oneday,0.0,67.0,1.74,valentin-ferron
cofidis-2026,ProTeam,Simon,CARR,S. Carr,GB,GBR,1998,28,57,76,45,64,68,75,53,64,64,76,666,876,Climber,0.0,66.0,1.83,simon-carr
cofidis-2026,ProTeam,Alex,KIRSCH,A. Kirsch,LU,LUX,1992,34,68,49,53,71,57,68,67,61,61,64,734,1473,TT,55.3,78.0,1.94,alex-kirsch
cofidis-2026,ProTeam,Sergio,SAMITIER,S. Samitier,ES,ESP,1995,31,58,71,44,65,63,72,52,62,62,43,890,532,GC,0.0,63.0,1.81,sergio-samitier
cofidis-2026,ProTeam,Piet,ALLEGAERT,P. Allegaert,BE,BEL,1995,31,75,47,68,61,63,69,74,64,64,35,978,1774,Oneday,81.2,70.0,1.81,piet-allegaert
cofidis-2026,ProTeam,Jan,MAAS,J. Maas,NL,NED,1996,30,60,66,46,64,61,70,53,61,61,30,1039,410,GC,0.0,70.0,1.89,jan-maas
cofidis-2026,ProTeam,Edoardo,ZAMPERINI,E. Zamperini,IT,ITA,2003,23,65,45,58,54,59,63,55,57,60,29,1073,85,Oneday,0.0,,1.78,edoardo-zamperini
cofidis-2026,ProTeam,Joseph,BROOKES,J. Brookes,GB,GBR,2004,22,64,42,56,53,56,61,57,55,59,23,1189,23,Oneday,0.0,,,joseph-brookes
cofidis-2026,ProTeam,Oliver,KNIGHT,O. Knight,GB,GBR,2001,25,63,49,47,69,54,65,53,58,58,20,1254,183,TT,0.0,,,oliver-knight
cofidis-2026,ProTeam,Paul,OURSELIN,P. Ourselin,FR,FRA,1994,32,58,65,44,63,60,69,51,60,60,20,1243,494,GC,0.0,70.0,1.85,paul-ourselin
cofidis-2026,ProTeam,Yaël,JOALLAND,Y. Joalland,FR,FRA,2000,26,48,72,37,56,62,68,45,57,57,19,1290,101,Climber,0.0,58.0,1.74,yael-joalland
cofidis-2026,ProTeam,Damien,TOUZÉ,D. Touzé,FR,FRA,1996,30,70,45,62,58,61,66,65,60,60,9,1718,1205,Oneday,15.3,69.0,1.74,damien-touze
cofidis-2026,ProTeam,Lorenzo,DE LONGHI,L. De Longhi,IT,ITA,2006,20,62,33,69,44,47,56,54,52,59,7,1868,7,Sprint,0.0,65.0,1.76,lorenzo-de-longhi
cofidis-2026,ProTeam,Ludovic,ROBEET,L. Robeet,BE,BEL,1994,32,67,38,59,54,54,62,55,56,56,5,1974,426,Oneday,0.0,75.0,1.94,ludovic-robeet
cofidis-2026,ProTeam,Camille,CHARRET,C. Charret,FR,FRA,2006,20,60,38,52,49,52,57,53,51,58,5,2035,5,Oneday,0.0,,,camille-charret
cofidis-2026,ProTeam,Nicolas,DEBEAUMARCHÉ,N. Debeaumarché,FR,FRA,1998,28,65,40,57,54,54,61,54,55,55,5,1984,114,Oneday,0.0,75.0,1.89,nicolas-debeaumarche
cofidis-2026,ProTeam,Luis Alberto,LAJARIN,L. A. Lajarin,ES,ESP,2006,20,49,46,41,47,51,55,45,48,55,0,,0,,0.0,64.5,1.87,luis-alberto-lajarin
equipo-kern-pharma-2026,ProTeam,Ibon,RUIZ,I. Ruiz,ES,ESP,1999,27,63,75,49,69,68,76,57,67,67,341,176,567,GC,0.0,65.0,1.78,ibon-ruiz
equipo-kern-pharma-2026,ProTeam,Iván,COBO,I. Cobo,ES,ESP,2000,26,65,67,59,62,76,72,61,67,67,334,180,600,Hills,0.0,64.0,1.86,ivan-cobo-cayon
equipo-kern-pharma-2026,ProTeam,Iván Ramiro,SOSA,I. R. Sosa,CO,COL,1997,29,61,85,47,70,72,80,57,69,69,277,241,2629,GC,0.0,52.0,1.68,ivan-ramiro-sosa
equipo-kern-pharma-2026,ProTeam,Urko,BERRADE,U. Berrade,ES,ESP,1997,29,64,73,50,71,67,76,57,67,67,257,264,941,GC,0.0,72.0,1.84,urko-berrade-fernandez
equipo-kern-pharma-2026,ProTeam,Mats,WENZEL,M. Wenzel,LU,LUX,2002,24,61,71,48,66,65,73,55,64,66,205,331,362,GC,0.0,68.0,1.87,mats-wenzel
equipo-kern-pharma-2026,ProTeam,Marc,BRUSTENGA,M. Brustenga,ES,ESP,1999,27,76,42,81,58,58,67,64,64,64,146,431,264,Sprint,0.0,80.0,1.9,marc-brustenga-masague
equipo-kern-pharma-2026,ProTeam,Jorge,GUTIÉRREZ,J. Gutiérrez,ES,ESP,2002,24,57,78,43,65,66,74,52,64,66,117,513,270,GC,0.0,54.0,1.78,jorge-gutierrez-gonzalez
equipo-kern-pharma-2026,ProTeam,Unai,IRIBAR,U. Iribar,ES,ESP,1999,27,59,73,46,66,66,73,54,64,64,89,607,412,GC,0.0,64.0,1.83,unai-iribar-jauregi
equipo-kern-pharma-2026,ProTeam,Nil,GIMENO,N. Gimeno,ES,ESP,2004,22,57,57,53,52,67,63,55,58,62,58,784,58,Hills,0.0,60.0,1.74,nil-gimeno
equipo-kern-pharma-2026,ProTeam,Diego,URIARTE,D. Uriarte,ES,ESP,2001,25,57,63,44,61,57,67,49,58,58,38,950,106,GC,0.0,67.0,1.8,diego-uriarte-belzunegi
equipo-kern-pharma-2026,ProTeam,César,PÉREZ,C. Pérez,ES,ESP,2004,22,64,44,56,54,58,62,57,56,60,31,1030,31,Oneday,0.0,66.0,1.83,cesar-perez-lopez
equipo-kern-pharma-2026,ProTeam,Sergio,ROMEO,S. Romeo,ES,ESP,2005,21,55,60,40,61,55,65,50,56,62,28,1095,28,GC,0.0,80.0,1.89,sergio-romeo
equipo-kern-pharma-2026,ProTeam,Mikel,RETEGI,M. Retegi,ES,ESP,2001,25,56,54,52,50,66,60,51,56,56,18,1309,58,Hills,0.0,64.0,1.77,mikel-retegi
equipo-kern-pharma-2026,ProTeam,Hugo,AZNAR,H. Aznar,ES,ESP,2003,23,53,53,50,48,64,58,49,54,57,12,1560,18,Hills,0.0,59.0,1.68,hugo-aznar
equipo-kern-pharma-2026,ProTeam,Pablo,CARRASCOSA,P. Carrascosa,ES,ESP,2002,24,43,68,32,52,57,64,40,53,55,8,1768,8,Climber,0.0,58.0,1.78,pablo-carrascosa
equipo-kern-pharma-2026,ProTeam,Yen Yi,HO,Y. Y. Ho,TW,TPE,2001,25,57,47,40,65,50,61,48,53,53,7,1834,16,TT,0.0,63.0,1.77,yen-yi-ho
equipo-kern-pharma-2026,ProTeam,Unai,RAMOS,U. Ramos,ES,ESP,2005,21,43,66,32,51,56,63,42,52,58,5,2025,5,Climber,0.0,60.0,1.75,unai-ramos
equipo-kern-pharma-2026,ProTeam,Emilio,GARCIA,E. Garcia,ES,ESP,2006,20,47,44,40,45,49,53,43,46,53,0,,0,,0.0,64.2,1.83,emilio-garcia1
equipo-kern-pharma-2026,ProTeam,Antonio Jesús,SOTO,A. J. Soto,ES,ESP,1994,32,54,48,50,47,61,57,48,53,53,0,,448,Hills,0.0,66.0,1.75,antonio-soto
equipo-kern-pharma-2026,ProTeam,Unax,ERRASTI,U. Errasti,ES,ESP,2005,21,48,42,40,46,48,53,44,46,52,0,,0,,0.0,72.2,1.92,unax-errasti
equipo-kern-pharma-2026,ProTeam,Iker,GÓMEZ,I. Gómez,ES,ESP,2006,20,52,37,35,58,42,53,45,46,53,0,,0,TT,0.0,74.0,1.8,iker-gomez-lopez-de-goicoechea
equipo-kern-pharma-2026,ProTeam,Hugo,TAPIZ,H. Tapiz,FR,FRA,2005,21,47,44,39,45,49,53,43,46,52,0,,0,,0.0,61.0,1.77,hugo-tapiz
equipo-kern-pharma-2026,ProTeam,Ibai,AZANZA,I. Azanza,ES,ESP,2004,22,46,55,32,53,48,58,42,49,53,0,,8,GC,0.0,74.0,1.93,ibai-azanza
equipo-kern-pharma-2026,ProTeam,José María,MARTÍN,J. M. Martín,ES,ESP,2001,25,46,43,42,41,54,50,41,46,46,0,,0,Hills,0.0,68.0,1.89,jose-maria-martin-munoz
equipo-kern-pharma-2026,ProTeam,Iñigo,ELOSEGUI,I. Elosegui,ES,ESP,1998,28,51,57,36,57,51,61,43,52,52,0,,115,GC,0.0,75.0,1.88,inigo-elosegui
euskaltel-euskadi-2026,ProTeam,Xabier,BERASATEGI,X. Berasategi,ES,ESP,2000,26,68,63,63,62,75,71,62,67,67,362,168,659,Hills,0.0,,,xabier-berasategi-garmendia
euskaltel-euskadi-2026,ProTeam,Gotzon,MARTÍN,G. Martín,ES,ESP,1996,30,67,64,62,61,75,71,65,67,67,232,287,837,Hills,7.6,,,gotzon-martin
euskaltel-euskadi-2026,ProTeam,Jon,AGIRRE,J. Agirre,ES,ESP,1997,29,57,77,45,65,67,74,52,64,64,163,402,451,GC,0.0,55.0,1.73,jon-agirre
euskaltel-euskadi-2026,ProTeam,Jordi,LÓPEZ,J. López,ES,ESP,1998,28,61,70,49,65,66,73,55,64,64,118,510,520,GC,0.0,59.0,1.7,jordi-lopez-caravaca
euskaltel-euskadi-2026,ProTeam,Jokin,MURGUIALDAY,J. Murguialday,ES,ESP,2000,26,58,76,45,66,66,74,53,64,64,108,537,306,GC,0.0,57.0,1.73,jokin-murguialday-elorza
euskaltel-euskadi-2026,ProTeam,Txomin,JUARISTI,T. Juaristi,ES,ESP,1995,31,61,72,45,69,64,74,54,64,64,105,541,606,GC,0.0,67.5,1.82,txomin-juaristi
euskaltel-euskadi-2026,ProTeam,Mikel,BIZKARRA,M. Bizkarra,ES,ESP,1989,37,51,76,38,61,63,70,47,60,60,105,539,1512,GC,0.0,53.0,1.65,mikel-bizkarra
euskaltel-euskadi-2026,ProTeam,Axel,VAN DER TUUK,A. van der Tuuk,NL,NED,2001,25,69,54,54,74,58,71,58,63,63,95,580,273,TT,0.0,,1.83,axel-van-der-tuuk
euskaltel-euskadi-2026,ProTeam,Jonathan,LASTRA,J. Lastra,ES,ESP,1993,33,58,70,46,63,64,71,52,62,62,65,721,1509,GC,0.0,64.0,1.72,jonathan-lastra
euskaltel-euskadi-2026,ProTeam,Louis,SUTTON,L. Sutton,GB,GBR,2002,24,59,56,55,54,67,64,54,59,61,58,782,75,Hills,0.0,68.0,1.78,louis-sutton
euskaltel-euskadi-2026,ProTeam,Xabier,ISASA,X. Isasa,ES,ESP,2001,25,61,57,56,56,68,65,56,60,60,54,807,121,Hills,0.0,,1.85,xabier-isasa-larranaga
euskaltel-euskadi-2026,ProTeam,Hodei,MUÑOZ,H. Muñoz,ES,ESP,2006,20,58,55,55,52,67,61,56,58,65,51,831,56,Hills,0.0,,,hodei-munoz
euskaltel-euskadi-2026,ProTeam,Paul,HENNEQUIN,P. Hennequin,FR,FRA,2002,24,71,41,80,52,54,65,60,60,62,45,871,230,Sprint,0.0,64.0,1.75,paul-hennequin
euskaltel-euskadi-2026,ProTeam,Iker,MINTEGI,I. Mintegi,ES,ESP,2002,24,55,65,42,61,58,67,48,58,60,29,1072,119,GC,0.0,,,iker-mintegi-claver
euskaltel-euskadi-2026,ProTeam,Nicolás,ALUSTIZA,N. Alustiza,ES,ESP,2003,23,57,53,52,51,64,61,51,56,59,22,1208,43,Hills,0.0,,1.85,nicolas-alustiza
euskaltel-euskadi-2026,ProTeam,Gari,UGARTE,G. Ugarte,ES,ESP,2005,21,54,49,49,48,61,57,51,53,59,9,1736,9,Hills,0.0,,,gari-ugarte
euskaltel-euskadi-2026,ProTeam,Yago,AGUIRRE,Y. Aguirre,ES,ESP,2004,22,48,59,34,55,52,61,45,52,56,5,2016,5,GC,0.0,,,yago-aguirre
euskaltel-euskadi-2026,ProTeam,Samuel,FERNÁNDEZ,S. Fernández,ES,ESP,2003,23,48,59,34,55,52,61,42,52,55,5,2020,5,GC,0.0,,,samuel-fernandez-heres
euskaltel-euskadi-2026,ProTeam,Marco,MARTÍN,M. Martín,ES,ESP,2006,20,49,49,46,44,59,55,48,50,57,3,2232,3,Hills,0.0,56.0,1.7,marco-martin-cuevas
euskaltel-euskadi-2026,ProTeam,Kepa,ORMAZABAL,K. Ormazabal,ES,ESP,2006,20,49,44,44,43,56,52,46,48,55,1,2550,1,Hills,0.0,,,kepa-ormazabal
euskaltel-euskadi-2026,ProTeam,Alain,SUAREZ,A. Suarez,ES,ESP,2003,23,48,43,40,45,49,52,41,46,49,0,,0,,0.0,,,alain-suarez
euskaltel-euskadi-2026,ProTeam,Unai,AZNAR,U. Aznar,ES,ESP,2002,24,51,38,35,57,43,53,41,46,48,0,,0,TT,0.0,68.0,1.75,unai-aznar-vijuesca
euskaltel-euskadi-2026,ProTeam,Ander,GANZABAL,A. Ganzabal,ES,ESP,2000,26,44,57,31,51,50,58,38,48,48,0,,6,GC,0.0,63.0,1.76,ander-ganzabal-bilbao
euskaltel-euskadi-2026,ProTeam,Danny,VAN DER TUUK,D. Van Der Tuuk,PL,POL,1999,27,54,43,38,60,46,57,44,50,50,0,,18,TT,0.0,64.0,1.8,danny-van-der-tuuk
euskaltel-euskadi-2026,ProTeam,Ander,OTEGI,A. Otegi,ES,ESP,2006,20,48,43,40,45,49,52,44,46,53,0,,0,,0.0,,,ander-otegi
euskaltel-euskadi-2026,ProTeam,Felipe,ORTS,F. Orts,ES,ESP,1995,31,48,56,34,53,50,59,41,50,50,0,,19,GC,0.0,70.0,1.79,felipe-orts
mbh-bank-csb-telecom-fort-2026,ProTeam,Alessandro,FANCELLU,A. Fancellu,IT,ITA,2000,26,64,79,51,70,71,78,58,69,69,621,72,790,GC,0.0,61.0,1.72,alessandro-fancellu
mbh-bank-csb-telecom-fort-2026,ProTeam,Alessandro,VERRE,A. Verre,IT,ITA,2001,25,56,76,46,63,69,75,52,64,64,164,401,528,Climber,0.0,59.0,1.7,alessandro-verre
mbh-bank-csb-telecom-fort-2026,ProTeam,Marcin,BUDZIŃSKI,M. Budziński,PL,POL,1998,28,65,60,60,59,71,69,59,64,64,112,529,734,Hills,0.0,70.0,1.78,marcin-budzinski
mbh-bank-csb-telecom-fort-2026,ProTeam,Fausto,MASNADA,F. Masnada,IT,ITA,1993,33,60,75,46,67,66,74,54,65,65,108,534,2853,GC,0.0,65.0,1.82,fausto-masnada
mbh-bank-csb-telecom-fort-2026,ProTeam,Davide,PERSICO,D. Persico,IT,ITA,2001,25,74,44,82,55,58,67,63,63,63,95,579,322,Sprint,0.0,65.0,1.75,davide-persico
mbh-bank-csb-telecom-fort-2026,ProTeam,Nicolò,BURATTI,N. Buratti,IT,ITA,2001,25,65,58,61,58,72,67,63,64,64,89,608,315,Hills,6.8,,,nicolo-buratti
mbh-bank-csb-telecom-fort-2026,ProTeam,Christian,BAGATIN,C. Bagatin,IT,ITA,2002,24,62,57,57,56,69,65,56,61,63,75,672,91,Hills,0.0,75.0,1.83,christian-bagatin
mbh-bank-csb-telecom-fort-2026,ProTeam,Samuele,ZOCCARATO,S. Zoccarato,IT,ITA,1998,28,69,51,60,59,64,67,59,62,62,48,850,310,Oneday,0.0,74.0,1.83,samuele-zoccarato
mbh-bank-csb-telecom-fort-2026,ProTeam,Cesare,CHESINI,C. Chesini,IT,ITA,2004,22,58,56,54,53,67,63,56,58,62,46,867,85,Hills,0.0,,,cesare-chesini
mbh-bank-csb-telecom-fort-2026,ProTeam,Márton,DINA,M. Dina,HU,HUN,1996,30,60,70,46,67,63,72,53,63,63,46,864,592,GC,0.0,67.0,1.86,marton-dina
mbh-bank-csb-telecom-fort-2026,ProTeam,Lorenzo,MASCIARELLI,L. Masciarelli,IT,ITA,2003,23,57,55,54,52,66,62,52,58,61,40,934,61,Hills,0.0,,,lorenzo-masciarelli
mbh-bank-csb-telecom-fort-2026,ProTeam,Filippo,D'AIUTO,F. D'aiuto,IT,ITA,2002,24,66,45,59,55,60,63,56,58,60,38,951,88,Oneday,0.0,,,filippo-d-aiuto
mbh-bank-csb-telecom-fort-2026,ProTeam,Luca,CRETTI,L. Cretti,IT,ITA,2001,25,64,48,56,54,61,63,55,58,58,34,991,84,Oneday,0.0,63.0,1.8,luca-cretti
mbh-bank-csb-telecom-fort-2026,ProTeam,Zsombor,TAKÁCS,Z. Takács,HU,HUN,2006,20,65,41,58,53,57,61,58,56,63,21,1235,33,Oneday,0.0,,,zsombor-tamas-takacs
mbh-bank-csb-telecom-fort-2026,ProTeam,Lorenzo,NESPOLI,L. Nespoli,IT,ITA,2004,22,60,49,45,66,53,63,54,56,60,20,1269,36,TT,0.0,,1.85,lorenzo-nespoli
mbh-bank-csb-telecom-fort-2026,ProTeam,Barnabás,PEÁK,B. Peák,HU,HUN,1998,28,67,48,52,69,55,67,56,60,60,17,1331,460,TT,0.0,74.0,1.83,barnabas-peak
mbh-bank-csb-telecom-fort-2026,ProTeam,Mirko,BOZZOLA,M. Bozzola,IT,ITA,2004,22,65,35,72,47,49,58,57,54,58,17,1350,18,Sprint,0.0,,,mirko-bozzola
mbh-bank-csb-telecom-fort-2026,ProTeam,Diego,BRACALENTE,D. Bracalente,IT,ITA,2004,22,55,52,51,49,64,59,53,55,59,12,1564,38,Hills,0.0,,,diego-bracalente
mbh-bank-csb-telecom-fort-2026,ProTeam,Filip,GRUSZCZYŃSKI,F. Gruszczyński,PL,POL,2005,21,45,69,34,53,58,65,44,54,60,10,1681,16,Climber,0.0,60.0,1.78,filip-gruszczynski
mbh-bank-csb-telecom-fort-2026,ProTeam,Edoardo,CIPOLLINI,E. Cipollini,IT,ITA,2005,21,52,47,48,46,59,56,50,51,57,4,2129,8,Hills,0.0,,1.8,edoardo-cipollini
mbh-bank-csb-telecom-fort-2026,ProTeam,Márk,VALENT,M. Valent,HU,HUN,2004,22,57,35,49,46,49,54,50,48,52,0,,5,Oneday,0.0,,,mark-valent
mbh-bank-csb-telecom-fort-2026,ProTeam,Matteo,AMBROSINI,M. Ambrosini,IT,ITA,2002,24,50,49,45,45,59,55,45,50,52,0,,29,Hills,0.0,,1.88,matteo-ambrosini
mbh-bank-csb-telecom-fort-2026,ProTeam,Bálint,MAKRAI,B. Makrai,HU,HUN,2006,20,56,34,48,45,48,53,49,47,54,0,,2,Oneday,0.0,,,balint-makrai
modern-adventure-pro-cycling-2026,ProTeam,Ben,OLIVER,B. Oliver,NZ,NZL,1996,30,67,60,63,61,71,69,67,65,65,292,223,355,Hills,20.9,71.0,1.83,ben-oliver
modern-adventure-pro-cycling-2026,ProTeam,Byron,MUNTON,B. Munton,ZA,RSA,1998,28,58,76,43,68,65,74,52,64,64,230,290,344,GC,0.0,60.0,1.78,byron-munton
modern-adventure-pro-cycling-2026,ProTeam,Stefan,DE BOD,S. De Bod,ZA,RSA,1996,30,69,63,52,77,63,75,60,66,66,155,413,1183,TT,0.0,66.0,1.83,stefan-de-bod
modern-adventure-pro-cycling-2026,ProTeam,Riley,PICKRELL,R. Pickrell,CA,CAN,2001,25,66,55,64,57,70,66,60,63,63,72,683,318,Hills,0.0,72.0,1.71,riley-pickrell
modern-adventure-pro-cycling-2026,ProTeam,Kieran,HAUG,K. Haug,US,USA,2002,24,53,66,40,61,58,67,47,58,60,30,1056,70,GC,0.0,67.0,1.86,kieran-haug
modern-adventure-pro-cycling-2026,ProTeam,Paul,WRIGHT,P. Wright,NZ,NZL,1998,28,60,53,55,53,65,62,54,58,58,28,1083,126,Hills,0.0,,,paul-wright
modern-adventure-pro-cycling-2026,ProTeam,Samuel,FLÓREZ,S. Flórez,CO,COL,2005,21,59,50,42,66,53,63,53,56,62,21,1234,30,TT,0.0,63.0,1.8,samuel-florez-garces
modern-adventure-pro-cycling-2026,ProTeam,Mark,STEWART,M. Stewart,GB,GBR,1995,31,59,64,46,63,61,69,52,60,60,19,1284,473,GC,0.0,70.0,1.8,mark-stewart
modern-adventure-pro-cycling-2026,ProTeam,Hugo,SCALA,H. Scala,US,USA,1997,29,61,46,46,65,51,62,51,55,55,13,1522,42,TT,0.0,69.0,1.87,hugo-scala
modern-adventure-pro-cycling-2026,ProTeam,Tyler,STITES,T. Stites,US,USA,1998,28,62,51,48,66,55,65,53,58,58,12,1541,337,TT,0.0,60.0,1.78,tyler-stites
modern-adventure-pro-cycling-2026,ProTeam,Cole,KESSLER,C. Kessler,US,USA,2003,23,64,34,68,48,48,58,53,53,56,12,1563,13,Sprint,0.0,75.0,1.98,cole-kessler
modern-adventure-pro-cycling-2026,ProTeam,Ezra,CAUDELL,E. Caudell,US,USA,2006,20,64,37,54,53,52,59,55,53,60,10,1704,10,Oneday,0.0,82.0,2.0,ezra-caudell
modern-adventure-pro-cycling-2026,ProTeam,Scott,MCGILL,S. Mcgill,US,USA,1998,28,60,49,58,51,63,60,54,57,57,9,1719,219,Hills,0.0,,,scott-mcgill
modern-adventure-pro-cycling-2026,ProTeam,Ian,LÓPEZ,I. López,US,USA,2003,23,46,68,34,54,57,65,42,54,57,7,1864,27,Climber,0.0,64.0,1.8,ian-lopez
modern-adventure-pro-cycling-2026,ProTeam,Sean,CHRISTIAN,S. Christian,US,USA,2002,24,55,48,52,48,60,58,49,54,56,5,2017,30,Hills,0.0,,1.86,sean-christian
modern-adventure-pro-cycling-2026,ProTeam,Robin,CARPENTER,R. Carpenter,US,USA,1992,34,63,42,54,53,54,61,52,54,54,5,1963,794,Oneday,0.0,,1.78,robin-carpenter
modern-adventure-pro-cycling-2026,ProTeam,Leo,HAYTER,L. Hayter,GB,GBR,2001,25,51,60,37,59,54,63,44,54,54,1,2469,207,GC,0.0,70.0,1.8,leo-hayter
modern-adventure-pro-cycling-2026,ProTeam,Brody,MCDONALD,B. Mcdonald,US,USA,2002,24,59,30,66,40,44,52,48,48,50,0,,8,Sprint,0.0,65.0,1.75,brody-mcdonald
modern-adventure-pro-cycling-2026,ProTeam,Lucas,TOWERS,L. Towers,GB,GBR,2003,23,45,45,41,40,55,51,40,46,49,0,,0,Hills,0.0,58.0,1.77,luca-towers
modern-adventure-pro-cycling-2026,ProTeam,Samuel,BOARDMAN,S. Boardman,US,USA,1995,31,55,41,39,60,46,56,45,50,50,0,,13,TT,0.0,,,samuel-boardman
modern-adventure-pro-cycling-2026,ProTeam,Harry,LASKER,H. Lasker,US,USA,2007,19,47,44,39,44,49,53,43,46,54,0,,0,,0.0,61.0,1.75,harry-lasker
pinarello-q365-pro-cycling-team-2026,ProTeam,Tom,PIDCOCK,T. Pidcock,GB,GBR,1999,27,81,73,74,74,83,84,87,78,78,1921,7,6843,Oneday,156.4,58.0,1.7,tom-pidcock
pinarello-q365-pro-cycling-team-2026,ProTeam,Quinten,HERMANS,Q. Hermans,BE,BEL,1995,31,70,70,65,65,81,76,70,71,71,495,105,2601,Hills,10.6,62.0,1.74,quinten-hermans
pinarello-q365-pro-cycling-team-2026,ProTeam,Fred,WRIGHT,F. Wright,GB,GBR,1999,27,73,65,67,67,78,75,79,71,71,460,123,2235,Hills,129.1,75.0,1.84,alfred-wright
pinarello-q365-pro-cycling-team-2026,ProTeam,Matteo,MOSCHETTI,M. Moschetti,IT,ITA,1996,30,80,48,86,62,65,73,77,69,69,320,191,2410,Sprint,40.3,73.0,1.8,matteo-moschetti
pinarello-q365-pro-cycling-team-2026,ProTeam,Aimé,DE GENDT,A. de Gendt,BE,BEL,1994,32,78,51,69,66,67,73,80,67,67,299,213,2034,Oneday,181.5,75.0,1.82,aime-de-gendt
pinarello-q365-pro-cycling-team-2026,ProTeam,Chris,HARPER,C. Harper,AU,AUS,1994,32,63,78,48,71,68,78,57,68,68,289,226,2231,GC,0.0,67.0,1.85,chris-harper
pinarello-q365-pro-cycling-team-2026,ProTeam,Mark,DONOVAN,M. Donovan,GB,GBR,1999,27,64,76,50,71,68,77,60,68,68,262,256,1251,GC,3.6,70.0,1.85,mark-donovan
pinarello-q365-pro-cycling-team-2026,ProTeam,Marcel,CAMPRUBÍ,M. Camprubí,ES,ESP,2001,25,70,55,61,61,68,70,61,64,64,237,284,363,Oneday,0.0,69.0,1.78,marcel-camprubi
pinarello-q365-pro-cycling-team-2026,ProTeam,Brent,VAN MOER,B. van Moer,BE,BEL,1998,28,78,51,67,67,66,73,78,67,67,210,319,1411,Oneday,114.9,79.0,1.91,brent-van-moer
pinarello-q365-pro-cycling-team-2026,ProTeam,Fabio,CHRISTEN,F. Christen,CH,SUI,2002,24,74,54,66,64,69,72,70,66,68,206,329,1098,Oneday,20.1,,1.84,fabio-christen
pinarello-q365-pro-cycling-team-2026,ProTeam,Thomas,GLOAG,T. Gloag,GB,GBR,2001,25,58,76,45,66,66,74,53,64,64,174,383,595,GC,0.0,60.0,1.81,thomas-gloag
pinarello-q365-pro-cycling-team-2026,ProTeam,Xandro,MEURISSE,X. Meurisse,BE,BEL,1992,34,63,70,50,67,66,74,56,65,65,164,399,3242,GC,0.0,68.0,1.81,xandro-meurisse
pinarello-q365-pro-cycling-team-2026,ProTeam,David,DE LA CRUZ,D. De La Cruz,ES,ESP,1989,37,57,75,42,67,64,73,52,63,63,157,407,4100,GC,0.0,66.0,1.82,david-de-la-cruz
pinarello-q365-pro-cycling-team-2026,ProTeam,David,GONZÁLEZ,D. González,ES,ESP,1996,30,65,59,63,58,72,67,60,64,64,151,421,413,Hills,0.0,68.0,1.8,david-gonzalez-lopez
pinarello-q365-pro-cycling-team-2026,ProTeam,Walter,CALZONI,W. Calzoni,IT,ITA,2001,25,60,72,48,66,66,73,54,64,64,131,465,455,GC,0.0,,1.72,walter-calzoni
pinarello-q365-pro-cycling-team-2026,ProTeam,Eddie,DUNBAR,E. Dunbar,IE,IRL,1996,30,61,79,47,68,69,76,56,67,67,123,483,2456,GC,0.0,57.0,1.7,edward-irl-dunbar
pinarello-q365-pro-cycling-team-2026,ProTeam,Nickolas,ZUKOWSKY,N. Zukowsky,CA,CAN,1998,28,72,52,62,63,64,70,62,64,64,120,498,542,Oneday,0.0,,1.88,nickolas-zukowsky
pinarello-q365-pro-cycling-team-2026,ProTeam,Damien,HOWSON,D. Howson,AU,AUS,1992,34,60,71,45,69,63,73,53,64,64,93,583,2681,GC,0.0,68.0,1.88,damien-howson
pinarello-q365-pro-cycling-team-2026,ProTeam,Emīls,LIEPIŅŠ,E. Liepiņš,LV,LAT,1992,34,71,43,75,55,57,65,64,61,61,90,595,1562,Sprint,4.9,67.0,1.75,emils-liepins
pinarello-q365-pro-cycling-team-2026,ProTeam,Xabier Mikel,AZPARREN,X. M. Azparren,ES,ESP,1999,27,69,56,51,76,60,71,59,64,64,86,622,310,TT,0.0,,,xabier-mikel-azparren-irurzun
pinarello-q365-pro-cycling-team-2026,ProTeam,Kamil,MAŁECKI,K. Małecki,PL,POL,1996,30,64,66,51,67,62,73,64,64,64,63,741,664,GC,44.3,69.0,1.74,kamil-malecki
pinarello-q365-pro-cycling-team-2026,ProTeam,Milan,VADER,M. Vader,NL,NED,1996,30,61,69,48,65,64,72,54,63,63,53,813,542,GC,0.0,63.0,1.73,milan-vader
pinarello-q365-pro-cycling-team-2026,ProTeam,Joseph,PIDCOCK,J. Pidcock,GB,GBR,2002,24,58,56,54,52,67,62,53,58,60,53,817,65,Hills,0.0,59.0,1.7,joseph-pidcock
pinarello-q365-pro-cycling-team-2026,ProTeam,Sjoerd,BAX,S. Bax,NL,NED,1996,30,70,53,54,74,61,71,60,64,64,48,849,794,TT,0.0,78.0,1.85,sjoerd-bax
pinarello-q365-pro-cycling-team-2026,ProTeam,Mathis,AVONDTS,M. Avondts,BE,BEL,2003,23,69,37,77,49,51,62,58,58,61,45,878,65,Sprint,0.0,67.0,1.73,mathis-avondts
pinarello-q365-pro-cycling-team-2026,ProTeam,Frederik,FRISON,F. Frison,BE,BEL,1992,34,71,41,60,61,56,65,62,59,59,35,976,671,Oneday,4.5,84.0,1.93,frederik-frison
pinarello-q365-pro-cycling-team-2026,ProTeam,Emmanuel,HOUCOU,E. Houcou,FR,FRA,2003,23,68,37,75,50,52,61,57,57,60,34,995,79,Sprint,0.0,,1.84,emmanuel-houcou
pinarello-q365-pro-cycling-team-2026,ProTeam,Nicolo',PARISINI,N. Parisini,IT,ITA,2000,26,63,55,60,55,67,65,62,61,61,29,1069,337,Hills,17.1,65.0,1.83,nicolo-parisini
pinarello-q365-pro-cycling-team-2026,ProTeam,Harm,VANHOUCKE,H. Vanhoucke,BE,BEL,1997,29,57,76,43,66,65,73,52,63,63,26,1116,1392,GC,0.0,65.0,1.81,harm-vanhoucke
pinarello-q365-pro-cycling-team-2026,ProTeam,Sam,BENNETT,S. Bennett,IE,IRL,1990,36,70,38,76,51,54,62,63,58,58,17,1324,8267,Sprint,8.5,73.0,1.78,sam-bennett
pinarello-q365-pro-cycling-team-2026,ProTeam,Oliver,SIMS,O. Sims,AU,AUS,2006,20,44,67,33,52,57,64,43,53,60,8,1785,8,Climber,0.0,59.0,1.8,oliver-sims
pinarello-q365-pro-cycling-team-2026,ProTeam,Matteo,BADILATTI,M. Badilatti,CH,SUI,1992,34,54,74,40,63,62,71,49,61,61,0,,910,GC,0.0,62.0,1.78,matteo-badilatti
solution-tech-nippo-rali-2026,ProTeam,Domenico,POZZOVIVO,D. Pozzovivo,IT,ITA,1982,44,57,75,43,65,66,73,52,63,63,371,159,11419,GC,0.0,63.0,1.65,domenico-pozzovivo
solution-tech-nippo-rali-2026,ProTeam,Dušan,RAJOVIĆ,D. Rajović,RS,SRB,1997,29,80,47,85,62,61,72,68,68,68,366,162,1215,Sprint,0.0,74.0,1.83,dusan-rajovic
solution-tech-nippo-rali-2026,ProTeam,Kamiel,BONNEU,K. Bonneu,BE,BEL,1999,27,62,76,48,69,68,76,56,66,66,253,268,796,GC,0.0,64.0,1.78,kamiel-bonneu
solution-tech-nippo-rali-2026,ProTeam,Santiago,UMBA,S. Umba,CO,COL,2002,24,60,75,48,66,68,74,55,65,67,242,275,492,GC,0.0,58.0,1.7,santiago-umba
solution-tech-nippo-rali-2026,ProTeam,Kyrylo,TSARENKO,K. Tsarenko,UA,UKR,2000,26,63,72,50,68,66,75,56,66,66,220,301,572,GC,0.0,,,kyrylo-tsarenko
solution-tech-nippo-rali-2026,ProTeam,Matteo,FABBRO,M. Fabbro,IT,ITA,1995,31,59,81,46,67,70,77,55,67,67,183,369,1165,GC,0.0,52.0,1.67,matteo-fabbro
solution-tech-nippo-rali-2026,ProTeam,Alexandre,BALMER,A. Balmer,CH,SUI,2000,26,72,51,63,62,64,70,62,64,64,121,495,367,Oneday,0.0,72.0,1.92,alexandre-balmer
solution-tech-nippo-rali-2026,ProTeam,Yukiya,ARASHIRO,Y. Arashiro,JP,JPN,1984,42,65,45,56,55,58,63,55,57,57,77,661,3483,Oneday,0.0,64.0,1.7,yukiya-arashiro
solution-tech-nippo-rali-2026,ProTeam,Ben,GRANGER,B. Granger,GB,GBR,2000,26,70,47,62,58,62,66,60,61,61,72,685,111,Oneday,0.0,71.0,1.83,ben-granger
solution-tech-nippo-rali-2026,ProTeam,Carlos Ariel,SAMUDIO,C. A. Samudio,PA,PAN,1997,29,66,53,49,72,57,68,56,61,61,60,757,140,TT,0.0,,,carlos-samudio
solution-tech-nippo-rali-2026,ProTeam,Roberto Carlos,GONZÁLEZ,R. C. González,PA,PAN,1994,32,65,51,50,70,57,67,55,60,60,48,848,185,TT,0.0,,,roberto-gonzalez
solution-tech-nippo-rali-2026,ProTeam,Tilen,FINKŠT,T. Finkšt,SI,SLO,1997,29,71,42,76,55,57,64,61,61,61,44,882,257,Sprint,0.0,70.0,1.76,tilen-finkst
solution-tech-nippo-rali-2026,ProTeam,Tommaso,NENCINI,T. Nencini,IT,ITA,2000,26,68,38,75,50,53,61,58,58,58,42,900,69,Sprint,0.0,,,tommaso-nencini
solution-tech-nippo-rali-2026,ProTeam,Franklin,ARCHIBOLD,F. Archibold,PA,PAN,1997,29,66,53,49,73,57,68,56,61,61,24,1160,560,TT,0.0,,,franklin-archibold
solution-tech-nippo-rali-2026,ProTeam,Đorđe,ĐURIĆ,Đ. Đurić,RS,SRB,2000,26,69,36,73,52,50,61,57,57,57,22,1201,109,Sprint,0.0,79.0,1.93,dorde-duric
solution-tech-nippo-rali-2026,ProTeam,Andrea,PIRAS,A. Piras,IT,ITA,2002,24,56,51,53,50,63,59,51,55,57,21,1230,21,Hills,0.0,,,andrea-piras
solution-tech-nippo-rali-2026,ProTeam,Attilio,VIVIANI,A. Viviani,IT,ITA,1996,30,70,37,77,50,51,62,58,58,58,14,1483,407,Sprint,0.0,69.0,1.74,attilio-viviani
solution-tech-nippo-rali-2026,ProTeam,Alessandro,IACCHI,A. Iacchi,IT,ITA,1999,27,52,63,40,58,56,65,46,56,56,10,1634,75,GC,0.0,59.0,1.7,alessandro-iacchi
solution-tech-nippo-rali-2026,ProTeam,Matteo,REGNANTI,M. Regnanti,IT,ITA,2001,25,63,34,69,46,49,57,53,53,53,10,1643,11,Sprint,0.0,,1.74,matteo-regnanti
solution-tech-nippo-rali-2026,ProTeam,Felix James,MEO,F. J. Meo,NZ,NZL,1997,29,54,48,50,47,60,57,48,53,53,5,1980,18,Hills,0.0,,,felix-james-meo
solution-tech-nippo-rali-2026,ProTeam,Valerio,CONTI,V. Conti,IT,ITA,1993,33,59,71,47,65,65,72,53,63,63,0,,1949,GC,0.0,61.0,1.72,valerio-conti
solution-tech-nippo-rali-2026,ProTeam,Luca,VERRANDO,L. Verrando,IT,ITA,2004,22,57,35,49,46,49,54,50,48,52,0,,5,Oneday,0.0,,,luca-verrando
solution-tech-nippo-rali-2026,ProTeam,Michele,GAZZOLI,M. Gazzoli,IT,ITA,1999,27,56,46,52,48,59,57,49,53,53,0,,231,Hills,0.0,76.0,1.8,michele-gazzoli
team-flanders-baloise-2026,ProTeam,Tom,CRABBE,T. Crabbe,BE,BEL,2005,21,75,43,82,56,60,67,67,64,70,278,239,307,Sprint,0.0,70.0,1.79,tom-crabbe
team-flanders-baloise-2026,ProTeam,Milan,LANHOVE,M. Lanhove,BE,BEL,2003,23,70,48,61,61,62,67,61,62,65,96,574,142,Oneday,0.6,69.0,1.81,milan-lanhove
team-flanders-baloise-2026,ProTeam,Senne,THONNON,S. Thonnon,BE,BEL,2003,23,57,69,44,63,62,70,51,61,64,78,659,78,GC,0.0,,1.81,senne-thonnon
team-flanders-baloise-2026,ProTeam,Michiel,LAMBRECHT,M. Lambrecht,BE,BEL,2003,23,71,45,64,59,61,66,65,61,64,68,705,140,Oneday,15.1,75.0,1.91,michiel-lambrecht
team-flanders-baloise-2026,ProTeam,Ward,VANHOOF,W. Vanhoof,BE,BEL,1999,27,72,45,65,60,61,67,66,62,62,67,708,247,Oneday,16.2,75.0,1.86,ward-vanhoof
team-flanders-baloise-2026,ProTeam,Henri,VANDENABEELE,H. Vandenabeele,BE,BEL,2000,26,58,70,45,64,63,71,52,62,62,59,768,268,GC,0.0,,1.81,henri-vandenabeele
team-flanders-baloise-2026,ProTeam,Vincent,VAN HEMELEN,V. van Hemelen,BE,BEL,2000,26,71,48,60,62,61,67,66,62,62,56,790,275,Oneday,22.3,73.0,1.91,vincent-van-hemelen
team-flanders-baloise-2026,ProTeam,Siebe,DEWEIRDT,S. Deweirdt,BE,BEL,2002,24,69,45,61,57,59,65,58,59,61,56,792,87,Oneday,0.0,69.0,1.85,siebe-deweirdt
team-flanders-baloise-2026,ProTeam,Elias,MARIS,E. Maris,BE,BEL,1999,27,61,58,57,55,70,65,58,61,61,53,815,169,Hills,1.6,64.0,1.77,elias-maris
team-flanders-baloise-2026,ProTeam,Jules,HESTERS,J. Hesters,BE,BEL,1998,28,72,40,78,53,56,65,67,61,61,39,940,290,Sprint,25.2,72.0,1.8,jules-hesters
team-flanders-baloise-2026,ProTeam,Leander,VAN HAUTEGEM,L. van Hautegem,BE,BEL,2003,23,65,44,59,54,57,62,58,57,60,23,1183,70,Oneday,3.9,64.0,1.86,leander-van-hautegem
team-flanders-baloise-2026,ProTeam,Victor,VERCOUILLIE,V. Vercouillie,BE,BEL,2002,24,66,44,56,56,57,63,55,57,59,20,1257,90,Oneday,0.0,66.0,1.81,victor-vercouillie
team-flanders-baloise-2026,ProTeam,Ferre,GEERAERTS,F. Geeraerts,BE,BEL,2003,23,60,48,43,67,52,63,50,56,59,20,1260,24,TT,0.0,,1.83,ferre-geeraerts
team-flanders-baloise-2026,ProTeam,Brem,DEMAN,B. Deman,BE,BEL,2002,24,65,40,56,55,55,61,54,55,57,15,1441,36,Oneday,0.0,76.0,1.87,brem-deman
team-flanders-baloise-2026,ProTeam,Dylan,VANDENSTORME,D. Vandenstorme,BE,BEL,2002,24,65,42,58,52,57,61,56,56,58,11,1586,95,Oneday,1.8,64.0,1.72,dylan-vandenstorme
team-flanders-baloise-2026,ProTeam,Artuur,TORNEY,A. Torney,BE,BEL,2003,23,53,48,50,47,60,57,48,52,55,8,1775,8,Hills,0.0,,,artuur-torney
team-flanders-baloise-2026,ProTeam,Noah,VANDENBRANDEN,N. Vandenbranden,BE,BEL,2002,24,60,43,43,65,49,61,49,54,56,5,2006,29,TT,0.0,74.0,1.81,noah-vandenbranden
team-flanders-baloise-2026,ProTeam,Milan,VAN DEN HAUTE,M. van den Haute,BE,BEL,2005,21,60,38,52,49,52,57,53,51,57,5,2024,5,Oneday,0.0,,,milan-van-den-haute
team-flanders-baloise-2026,ProTeam,Nolan,HUYSMANS,N. Huysmans,BE,BEL,2006,20,52,46,48,45,58,55,49,51,58,4,2146,4,Hills,0.0,,,nolan-huysmans
team-flanders-baloise-2026,ProTeam,Tuur,DENS,T. Dens,BE,BEL,2000,26,61,32,52,48,49,55,49,50,50,0,,15,Oneday,0.0,81.0,1.84,tuur-dens
team-novo-nordisk-2026,ProTeam,Filippo,RIDOLFO,F. Ridolfo,IT,ITA,2001,25,64,37,70,47,51,59,54,55,55,11,1585,39,Sprint,0.0,,1.87,filippo-ridolfo
team-novo-nordisk-2026,ProTeam,Andrea,PERON,A. Peron,IT,ITA,1988,38,61,30,67,43,45,54,50,50,50,6,1910,353,Sprint,0.0,70.0,1.78,andrea-peron
team-novo-nordisk-2026,ProTeam,Hamish,ARMITT,H. Armitt,GB,GBR,2002,24,52,48,48,46,59,56,47,52,54,5,2043,5,Hills,0.0,,,hamish-armitt
team-novo-nordisk-2026,ProTeam,Umberto,POLI,U. Poli,IT,ITA,1996,30,64,34,70,46,50,57,54,54,54,5,1976,42,Sprint,0.0,,1.67,umberto-poli
team-novo-nordisk-2026,ProTeam,Sam,BRAND,S. Brand,GB,GBR,1991,35,49,55,34,55,50,60,42,50,50,5,1987,65,GC,0.0,76.0,1.86,sam-brand
team-novo-nordisk-2026,ProTeam,Antonio,POLGA,A. Polga,IT,ITA,1999,27,60,38,52,49,52,57,50,51,51,5,1995,5,Oneday,0.0,,,antonio-polga
team-novo-nordisk-2026,ProTeam,Célestin,WATTELLE,C. Wattelle,FR,FRA,2003,23,61,31,67,43,45,54,50,50,53,1,2494,13,Sprint,0.0,,,celestin-wattelle
team-novo-nordisk-2026,ProTeam,Donovan,MACKIE,D. Mackie,AU,AUS,2007,19,54,38,37,60,43,55,46,48,56,1,2565,1,TT,0.0,75.0,1.88,donovan-mackie
team-novo-nordisk-2026,ProTeam,Lucas,DAUGE,L. Dauge,FR,FRA,1996,30,39,58,30,46,50,57,35,47,47,0,,0,Climber,0.0,,1.67,lucas-dauge
team-novo-nordisk-2026,ProTeam,Hamish,BEADLE,H. Beadle,NZ,NZL,1998,28,59,31,65,41,46,53,49,49,49,0,,14,Sprint,0.0,64.0,1.67,hamish-beadle
team-novo-nordisk-2026,ProTeam,Declan,IRVINE,D. Irvine,AU,AUS,1999,27,55,38,39,59,44,55,44,48,48,0,,6,TT,0.0,75.0,1.78,declan-irvine
team-novo-nordisk-2026,ProTeam,Bailey,MCDONALD,B. Mcdonald,AU,AUS,2003,23,50,46,45,44,58,54,45,50,53,0,,12,Hills,0.0,,,bailey-mcdonald
team-novo-nordisk-2026,ProTeam,Jacopo,COLLADON,J. Colladon,IT,ITA,2003,23,48,43,40,45,49,52,41,46,49,0,,0,,0.0,,,jacopo-colladon
team-novo-nordisk-2026,ProTeam,Alessandro,PERRACCHIONE,A. Perracchione,IT,ITA,2005,21,59,30,65,41,45,52,52,49,55,0,,9,Sprint,0.0,,,alessandro-perracchione
team-novo-nordisk-2026,ProTeam,Quinten,DE GRAEVE,Q. de Graeve,BE,BEL,2000,26,48,40,43,42,53,50,42,46,46,0,,0,Hills,0.0,75.0,1.81,quinten-de-graeve
team-novo-nordisk-2026,ProTeam,Lucas,TERRIER,L. Terrier,FR,FRA,2006,20,48,43,40,45,49,52,44,46,53,0,,0,,0.0,,,lucas-terrier
team-novo-nordisk-2026,ProTeam,Anton,MULLER,A. Muller,FR,FRA,1998,28,47,42,42,41,54,50,41,46,46,0,,0,Hills,0.0,,,anton-muller
team-novo-nordisk-2026,ProTeam,Juan José,LÓPEZ,J. J. López,ES,ESP,2006,20,48,43,40,45,49,52,44,46,53,0,,0,,0.0,,,juan-jose-lopez-rodriguez
team-novo-nordisk-2026,ProTeam,Nathan,SMITH,N. Smith,GB,GBR,2000,26,56,30,62,38,41,50,45,46,46,0,,0,Sprint,0.0,,,nathan-smith
team-novo-nordisk-2026,ProTeam,Louis-Marie,POSNIC,L. Posnic,FR,FRA,2003,23,48,43,40,45,49,52,41,46,49,0,,0,,0.0,,,louis-marie-posnic
team-novo-nordisk-2026,ProTeam,David,LOZANO,D. Lozano,ES,ESP,1988,38,44,53,32,49,47,56,37,47,47,0,,267,GC,0.0,63.0,1.78,david-lozano-riba
team-polti-visitmalta-2026,ProTeam,Giovanni,LONARDI,G. Lonardi,IT,ITA,1996,30,80,50,86,62,66,73,70,70,70,480,108,1500,Sprint,0.0,70.0,1.8,giovanni-lonardi
team-polti-visitmalta-2026,ProTeam,Ludovico,CRESCIOLI,L. Crescioli,IT,ITA,2003,23,71,60,62,63,70,73,63,66,69,350,172,528,Oneday,0.0,63.0,1.78,ludovico-crescioli
team-polti-visitmalta-2026,ProTeam,Thomas,PESENTI,T. Pesenti,IT,ITA,1999,27,64,67,59,60,76,71,60,66,66,238,280,614,Hills,0.0,59.0,1.69,thomas-pesenti
team-polti-visitmalta-2026,ProTeam,Manuel,PEÑALVER,M. Peñalver,ES,ESP,1998,28,77,44,85,57,60,69,66,65,65,202,337,732,Sprint,0.0,70.0,1.77,manuel-penalver
team-polti-visitmalta-2026,ProTeam,Fernando,TERCERO,F. Tercero,ES,ESP,2001,25,59,74,45,67,65,74,53,64,64,186,361,378,GC,0.0,63.0,1.82,fernando-tercero-lopez
team-polti-visitmalta-2026,ProTeam,Mirco,MAESTRI,M. Maestri,IT,ITA,1991,35,65,53,60,58,66,66,58,61,61,144,435,974,Hills,0.0,76.0,1.85,mirco-maestri
team-polti-visitmalta-2026,ProTeam,Francisco,MUÑOZ,F. Muñoz,ES,ESP,2001,25,62,68,49,67,64,73,55,64,64,139,448,190,GC,0.0,71.0,1.81,francisco-munoz-llana
team-polti-visitmalta-2026,ProTeam,Diego Pablo,SEVILLA,D. P. Sevilla,ES,ESP,1996,30,63,62,59,58,74,68,59,64,64,126,477,273,Hills,0.0,63.0,1.71,diego-pablo-sevilla
team-polti-visitmalta-2026,ProTeam,Andrea,MIFSUD,A. Mifsud,MT,MLT,1999,27,61,63,56,57,72,67,57,63,63,119,503,136,Hills,0.0,58.0,1.72,andrea-mifsud
team-polti-visitmalta-2026,ProTeam,Fabrizio,CROZZOLO,F. Crozzolo,AR,ARG,2005,21,60,67,46,65,62,71,56,62,68,104,547,104,GC,0.0,70.0,1.78,fabrizio-crozzolo
team-polti-visitmalta-2026,ProTeam,Dario Igor,BELLETTA,D. I. Belletta,IT,ITA,2004,22,64,56,60,57,70,66,61,62,66,102,555,159,Hills,0.0,73.0,1.87,dario-igor-belletta
team-polti-visitmalta-2026,ProTeam,Mattia,BAIS,M. Bais,IT,ITA,1996,30,61,71,48,66,65,73,55,64,64,95,578,611,GC,0.0,66.0,1.75,mattia-bais
team-polti-visitmalta-2026,ProTeam,Davide,BAIS,D. Bais,IT,ITA,1998,28,61,70,48,67,65,73,55,64,64,89,606,462,GC,0.0,69.0,1.84,davide-bais
team-polti-visitmalta-2026,ProTeam,Gabriele,BESSEGA,G. Bessega,IT,ITA,2004,22,63,54,61,55,68,65,60,61,65,87,616,88,Hills,0.0,71.0,1.82,gabriele-bessega
team-polti-visitmalta-2026,ProTeam,Tommaso,BESSEGA,T. Bessega,IT,ITA,2004,22,69,38,75,51,54,62,61,58,62,60,761,62,Sprint,0.0,72.0,1.83,tommaso-bessega
team-polti-visitmalta-2026,ProTeam,Javier,SERRANO,J. Serrano,ES,ESP,2001,25,62,56,60,54,69,65,57,61,61,57,787,157,Hills,0.0,60.0,1.71,javier-serrano
team-polti-visitmalta-2026,ProTeam,Dario,GIULIANO,D. Giuliano,FR,FRA,2005,21,64,46,56,54,59,63,58,57,63,39,944,39,Oneday,0.0,64.0,1.8,dario-giuliano
team-polti-visitmalta-2026,ProTeam,Germán Darío,GÓMEZ,G. D. Gómez,CO,COL,2001,25,56,70,42,64,62,70,50,61,61,38,949,200,GC,0.0,65.0,1.76,german-dario-gomez
team-polti-visitmalta-2026,ProTeam,Alessandro,TONELLI,A. Tonelli,IT,ITA,1992,34,56,66,43,61,61,68,50,59,59,31,1022,729,GC,0.0,68.0,1.76,alessandro-tonelli
team-polti-visitmalta-2026,ProTeam,Adrián,BENITO,A. Benito,ES,ESP,2004,22,48,69,36,56,59,67,47,56,60,23,1185,23,Climber,0.0,72.0,1.85,adrian-benito-gonzalez
team-polti-visitmalta-2026,ProTeam,Andrea,PIETROBON,A. Pietrobon,IT,ITA,1999,27,58,54,52,53,65,62,52,57,57,18,1304,129,Hills,0.0,72.0,1.91,andrea-pietrobon
team-polti-visitmalta-2026,ProTeam,Aidan,BUTTIGIEG,A. Buttigieg,MT,MLT,1997,29,61,48,44,67,53,63,51,56,56,17,1346,57,TT,0.0,68.0,1.72,aidan-buttigieg
team-polti-visitmalta-2026,ProTeam,Gabriele,RACCAGNI,G. Raccagni,IT,ITA,2003,23,63,36,69,46,50,58,53,54,57,14,1498,14,Sprint,0.0,65.0,1.84,gabriele-raccagni
team-polti-visitmalta-2026,ProTeam,Pablo,GARCÍA,P. García,ES,ESP,2001,25,52,42,36,59,45,56,43,48,48,1,2479,1,TT,0.0,66.0,1.83,pablo-garcia-frances
team-polti-visitmalta-2026,ProTeam,Santiago,BASSO,S. Basso,IT,ITA,2006,20,48,43,40,45,49,52,44,46,53,0,,0,,0.0,,,santiago-basso
totalenergies-2026,ProTeam,Emilien,JEANNIÈRE,E. Jeannière,FR,FRA,1998,28,81,55,75,68,72,76,82,71,71,734,61,2169,Oneday,97.6,,1.76,emilien-jeanniere
totalenergies-2026,ProTeam,Jordan,JEGAT,J. Jegat,FR,FRA,1999,27,62,84,52,69,75,81,58,70,70,596,74,1762,Climber,0.0,59.0,1.76,jordan-jegat
totalenergies-2026,ProTeam,Alexandre,DELETTRE,A. Delettre,FR,FRA,1997,29,77,60,69,67,74,76,74,70,70,594,76,1618,Oneday,23.1,62.0,1.7,alexandre-delettre
totalenergies-2026,ProTeam,Anthony,TURGIS,A. Turgis,FR,FRA,1994,32,81,55,73,68,71,76,82,71,71,501,102,4201,Oneday,124.6,70.0,1.78,anthony-turgis
totalenergies-2026,ProTeam,Sandy,DUJARDIN,S. Dujardin,FR,FRA,1997,29,78,54,71,65,71,74,74,69,69,402,150,1523,Oneday,26.3,,1.78,sandy-dujardin
totalenergies-2026,ProTeam,Joris,DELBOVE,J. Delbove,FR,FRA,2000,26,65,72,51,70,67,76,58,67,67,352,171,671,GC,0.0,,,joris-delbove
totalenergies-2026,ProTeam,Jason,TESSON,J. Tesson,FR,FRA,1998,28,77,50,84,59,65,72,69,68,68,314,195,1497,Sprint,1.8,59.0,1.66,jason-tesson
totalenergies-2026,ProTeam,Nicolas,BREUILLARD,N. Breuillard,FR,FRA,2000,26,63,73,50,68,68,75,57,66,66,286,228,492,GC,0.0,,1.75,nicolas-breuillard
totalenergies-2026,ProTeam,Mattéo,VERCHER,M. Vercher,FR,FRA,2001,25,65,65,59,60,76,70,60,66,66,213,312,650,Hills,0.0,,1.71,matheo-vercher
totalenergies-2026,ProTeam,Thomas,BONNET,T. Bonnet,FR,FRA,1998,28,62,68,51,66,64,72,55,64,64,162,403,271,GC,0.0,,1.75,thomas-bonnet
totalenergies-2026,ProTeam,Samuel,LEROUX,S. Leroux,FR,FRA,1994,32,65,62,51,69,59,72,56,63,63,143,438,493,GC,0.0,79.0,1.89,samuel-leroux
totalenergies-2026,ProTeam,Thibault,GUERNALEC,T. Guernalec,FR,FRA,1997,29,69,56,50,77,59,72,58,64,64,108,535,783,TT,0.0,71.0,1.85,thibault-guernalec
totalenergies-2026,ProTeam,Mathis,LE BERRE,M. Le Berre,FR,FRA,2001,25,65,61,59,59,72,68,59,64,64,107,538,434,Hills,0.0,68.0,1.76,mathis-le-berre
totalenergies-2026,ProTeam,Baptiste,VADIC,B. Vadic,FR,FRA,2002,24,67,53,52,72,59,69,60,62,64,103,550,140,TT,3.9,,,baptiste-vadic
totalenergies-2026,ProTeam,Florian,DAUPHIN,F. Dauphin,FR,FRA,1999,27,74,45,78,56,60,67,71,63,63,97,566,324,Sprint,39.2,70.0,1.8,florian-dauphin
totalenergies-2026,ProTeam,Pierre,THIERRY,P. Thierry,FR,FRA,2003,23,71,50,62,62,63,69,61,63,66,96,573,217,Oneday,0.0,,1.85,pierre-thierry
totalenergies-2026,ProTeam,Mathieu,BURGAUDEAU,M. Burgaudeau,FR,FRA,1998,28,63,66,58,59,76,70,59,65,65,93,585,1750,Hills,0.0,61.0,1.68,mathieu-burgaudeau
totalenergies-2026,ProTeam,Rayan,BOULAHOITE,R. Boulahoite,FR,FRA,2004,22,71,42,75,55,57,65,63,61,65,80,649,113,Sprint,3.1,75.0,1.83,rayan-boulahoite
totalenergies-2026,ProTeam,Thomas,GACHIGNARD,T. Gachignard,FR,FRA,2000,26,63,67,50,67,63,73,63,64,64,73,681,522,GC,34.5,,,thomas-gachignard
totalenergies-2026,ProTeam,Geoffrey,BOUCHARD,G. Bouchard,FR,FRA,1992,34,52,77,40,61,65,73,48,61,61,54,805,1235,Climber,0.0,63.0,1.78,geoffrey-bouchard
totalenergies-2026,ProTeam,Théo,HÉBERT,T. Hébert,FR,FRA,2003,23,54,66,41,61,58,67,48,58,61,53,820,53,GC,0.0,,,theo-hebert
totalenergies-2026,ProTeam,Alexys,BRUNEL,A. Brunel,FR,FRA,1998,28,67,51,51,71,56,68,56,61,61,30,1041,312,TT,0.0,70.0,1.91,alexys-brunel
totalenergies-2026,ProTeam,Fabien,DOUBEY,F. Doubey,FR,FRA,1993,33,56,67,43,62,61,68,50,60,60,22,1196,753,GC,0.0,62.0,1.74,fabien-doubey
totalenergies-2026,ProTeam,Alan,JOUSSEAUME,A. Jousseaume,FR,FRA,1998,28,65,47,57,55,59,64,55,58,58,21,1227,189,Oneday,0.0,,1.77,alan-jousseaume
totalenergies-2026,ProTeam,Lorrenzo,MANZIN,L. Manzin,FR,FRA,1994,32,72,42,78,54,58,65,62,62,62,21,1222,1740,Sprint,0.0,69.0,1.75,lorrenzo-manzin
totalenergies-2026,ProTeam,Valentin,RETAILLEAU,V. Retailleau,FR,FRA,2000,26,58,53,55,51,66,62,53,58,58,16,1374,212,Hills,0.0,64.0,1.81,valentin-retailleau
totalenergies-2026,ProTeam,Nicola,MARCEROU,N. Marcerou,FR,FRA,2002,24,63,41,56,52,56,60,53,55,57,15,1442,20,Oneday,0.0,,1.75,nicola-marcerou
totalenergies-2026,ProTeam,Fabien,GRELLIER,F. Grellier,FR,FRA,1994,32,63,45,54,54,57,62,53,56,56,5,1972,473,Oneday,0.0,65.0,1.8,fabien-grellier
totalenergies-2026,ProTeam,Théo,LÉVÊQUE,T. Lévêque,FR,FRA,2004,22,51,47,46,45,59,54,49,50,54,3,2217,3,Hills,0.0,,1.73,theo-leveque
totalenergies-2026,ProTeam,Paul,CONOR,P. Conor,FR,FRA,2003,23,42,62,31,50,53,60,38,50,53,2,2333,2,Climber,0.0,,1.81,paul-conor
totalenergies-2026,ProTeam,Evan,PAVIS,E. Pavis,FR,FRA,2005,21,50,46,46,44,57,54,48,50,56,2,2359,2,Hills,0.0,,,evan-pavis
tudor-pro-cycling-team-2026,ProTeam,Mathys,RONDEL,M. Rondel,FR,FRA,2003,23,66,82,51,73,72,81,60,71,76,838,49,1173,GC,0.0,,1.8,mathys-rondel
tudor-pro-cycling-team-2026,ProTeam,Michael,STORER,M. Storer,AU,AUS,1997,29,65,88,53,73,77,85,61,74,74,815,53,4131,Climber,0.0,63.0,1.77,michael-storer
tudor-pro-cycling-team-2026,ProTeam,Marco,BRENNER,M. Brenner,DE,GER,2002,24,65,80,52,72,72,79,60,70,74,572,84,1254,GC,0.0,59.0,1.81,marco-brenner
tudor-pro-cycling-team-2026,ProTeam,Yannis,VOISARD,Y. Voisard,CH,SUI,1998,28,63,83,50,72,72,80,58,70,70,572,83,1332,GC,0.0,56.0,,yannis-voisard
tudor-pro-cycling-team-2026,ProTeam,Matteo,TRENTIN,M. Trentin,IT,ITA,1989,37,79,52,72,66,69,73,83,68,68,551,95,10065,Oneday,263.4,74.0,1.79,matteo-trentin
tudor-pro-cycling-team-2026,ProTeam,Marc,HIRSCHI,M. Hirschi,CH,SUI,1998,28,78,66,70,69,78,79,73,73,73,504,100,7720,Oneday,6,61.0,1.74,marc-hirschi
tudor-pro-cycling-team-2026,ProTeam,Julian,ALAPHILIPPE,J. Alaphilippe,FR,FRA,1992,34,76,66,68,68,76,78,72,72,72,502,101,13797,Oneday,10.1,62.0,1.73,julian-alaphilippe
tudor-pro-cycling-team-2026,ProTeam,Luca,MOZZATO,L. Mozzato,IT,ITA,1998,28,81,54,76,67,71,76,84,71,71,455,124,2913,Oneday,218.1,67.0,1.78,luca-mozzato
tudor-pro-cycling-team-2026,ProTeam,Rick,PLUIMERS,R. Pluimers,NL,NED,2000,26,69,63,65,63,76,72,73,68,68,365,164,1108,Hills,64.2,67.0,1.8,rick-pluimers
tudor-pro-cycling-team-2026,ProTeam,Arvid,DE KLEIJN,A. de Kleijn,NL,NED,1994,32,79,46,86,59,62,71,68,67,67,235,285,2415,Sprint,0.0,68.0,1.71,arvid-de-kleijn
tudor-pro-cycling-team-2026,ProTeam,Stefan,KÜNG,S. Küng,CH,SUI,1993,33,76,57,58,82,64,76,80,69,69,223,298,8038,TT,295.7,83.0,1.93,stefan-kung
tudor-pro-cycling-team-2026,ProTeam,Florian,STORK,F. Stork,DE,GER,1997,29,59,77,48,65,69,76,54,66,66,182,374,758,Climber,0.0,65.0,1.85,florian-stork
tudor-pro-cycling-team-2026,ProTeam,Marius,MAYRHOFER,M. Mayrhofer,DE,GER,2000,26,69,59,64,61,74,70,72,66,66,167,398,939,Hills,51,70.0,1.82,marius-mayrhofer
tudor-pro-cycling-team-2026,ProTeam,Marco,HALLER,M. Haller,AT,AUT,1991,35,74,48,65,62,63,69,71,64,64,159,406,2529,Oneday,41.1,72.0,1.78,marco-haller
tudor-pro-cycling-team-2026,ProTeam,Lennart,JASCH,L. Jasch,DE,GER,2000,26,55,77,43,63,67,74,51,63,63,123,488,156,Climber,0.0,,,lennart-jasch
tudor-pro-cycling-team-2026,ProTeam,Robin,FROIDEVAUX,R. Froidevaux,CH,SUI,1998,28,67,57,63,59,70,68,61,64,64,121,494,348,Hills,0.6,71.0,1.83,robin-froidevaux
tudor-pro-cycling-team-2026,ProTeam,Larry,WARBASSE,L. Warbasse,US,USA,1990,36,56,68,41,64,60,69,50,60,60,99,562,1472,GC,0.0,67.0,1.83,lawrence-warbasse
tudor-pro-cycling-team-2026,ProTeam,Arthur,KLUCKERS,A. Kluckers,LU,LUX,2000,26,69,55,50,76,58,71,58,63,63,79,651,330,TT,0.0,71.0,1.92,arthur-kluckers
tudor-pro-cycling-team-2026,ProTeam,Aivaras,MIKUTIS,A. Mikutis,LT,LTU,2002,24,68,53,52,73,59,70,58,62,64,79,654,257,TT,0.0,,1.84,aivaras-mikutis
tudor-pro-cycling-team-2026,ProTeam,Will,BARTA,W. Barta,US,USA,1996,30,66,61,50,74,62,72,57,64,64,74,675,913,TT,0.0,61.0,1.8,william-barta
tudor-pro-cycling-team-2026,ProTeam,Maikel,ZIJLAARD,M. Zijlaard,NL,NED,1999,27,72,51,58,74,57,71,67,64,64,69,699,574,TT,23.1,73.0,1.89,maikel-zijlaard
tudor-pro-cycling-team-2026,ProTeam,Robin,DONZÉ,R. Donzé,CH,SUI,2003,23,65,47,57,56,60,64,56,58,61,53,818,60,Oneday,0.0,,,robin-donze
tudor-pro-cycling-team-2026,ProTeam,Sebastian,KOLZE CHANGIZI,S. Kolze Changizi,DK,DEN,2000,26,71,42,75,53,57,64,66,60,60,50,836,160,Sprint,16,,1.81,sebastian-kolze-changizi
tudor-pro-cycling-team-2026,ProTeam,Fabian,WEISS,F. Weiss,CH,SUI,2002,24,65,51,50,70,57,67,57,60,62,48,852,127,TT,1.6,,1.81,fabian-weiss
tudor-pro-cycling-team-2026,ProTeam,Hannes,WILKSCH,H. Wilksch,DE,GER,2001,25,57,69,43,63,62,70,51,61,61,42,902,185,GC,0.0,62.0,1.81,hannes-wilksch
tudor-pro-cycling-team-2026,ProTeam,Petr,KELEMEN,P. Kelemen,CZ,CZE,2000,26,66,51,51,71,57,68,56,61,61,39,942,195,TT,0.0,70.0,1.92,petr-kelemen
tudor-pro-cycling-team-2026,ProTeam,Fabian,LIENHARD,F. Lienhard,CH,SUI,1993,33,71,43,64,58,61,66,64,60,60,27,1097,1121,Oneday,7.4,73.0,1.83,fabian-lienhard
tudor-pro-cycling-team-2026,ProTeam,Jacob,ERIKSSON,J. Eriksson,SE,SWE,1999,27,66,45,58,56,59,64,56,58,58,20,1249,211,Oneday,0.0,,1.82,jacob-eriksson
tudor-pro-cycling-team-2026,ProTeam,Roland,THALMANN,R. Thalmann,CH,SUI,1993,33,54,69,41,61,61,68,48,59,59,20,1239,608,GC,0.0,61.0,1.78,roland-thalmann
tudor-pro-cycling-team-2026,ProTeam,Luc,WIRTGEN,L. Wirtgen,LU,LUX,1998,28,58,57,52,54,67,64,55,59,59,17,1332,346,Hills,1.8,63.0,1.8,luc-wirtgen
tudor-pro-cycling-team-2026,ProTeam,Joel,SUTER,J. Suter,CH,SUI,1998,28,63,48,47,69,54,65,53,58,58,12,1542,301,TT,0.0,75.0,1.9,joel-suter
unibet-rose-rockets-2026,ProTeam,Dylan,GROENEWEGEN,D. Groenewegen,NL,NED,1993,33,85,53,91,66,69,78,81,74,74,877,42,9647,Sprint,28.8,70.0,1.77,dylan-groenewegen
unibet-rose-rockets-2026,ProTeam,Lukáš,KUBIŠ,L. Kubiš,SK,SVK,2000,26,81,55,74,69,70,77,83,71,71,809,54,1799,Oneday,171.8,70.0,1.75,lukas-kubis
unibet-rose-rockets-2026,ProTeam,Clément,VENTURINI,C. Venturini,FR,FRA,1993,33,78,57,72,65,73,75,72,70,70,629,71,3731,Oneday,4.8,60.0,1.65,clement-venturini
unibet-rose-rockets-2026,ProTeam,Matyáš,KOPECKÝ,M. Kopecký,CZ,CZE,2003,23,76,52,70,64,66,72,75,67,70,285,230,790,Oneday,64.4,,1.88,matyas-kopecky
unibet-rose-rockets-2026,ProTeam,Wout,POELS,W. Poels,NL,NED,1987,39,56,78,44,65,67,76,52,64,64,280,236,8635,Climber,0.0,66.0,1.86,wout-poels
unibet-rose-rockets-2026,ProTeam,Lander,LOOCKX,L. Loockx,BE,BEL,1997,29,74,55,65,65,68,72,67,66,66,263,253,657,Oneday,4,70.0,1.86,lander-loockx
unibet-rose-rockets-2026,ProTeam,Victor,LAFAY,V. Lafay,FR,FRA,1996,30,63,76,51,69,70,77,58,68,68,225,294,1642,GC,0.0,65.0,1.77,victor-lafay
unibet-rose-rockets-2026,ProTeam,Cedrik Bakke,CHRISTOPHERSEN,C. B. Christophersen,NO,NOR,2001,25,62,70,48,68,64,74,55,64,64,187,356,364,GC,0.0,69.0,1.82,cedrik-bakke-christophersen
unibet-rose-rockets-2026,ProTeam,Jelle,JOHANNINK,J. Johannink,NL,NED,1996,30,72,51,65,61,65,69,66,64,64,182,371,329,Oneday,9.5,,1.81,jelle-johannink
unibet-rose-rockets-2026,ProTeam,Tobias,MÜLLER,T. Müller,DE,GER,2004,22,74,45,80,56,61,67,67,64,68,173,386,197,Sprint,0.0,66.0,1.74,tobias-muller1
unibet-rose-rockets-2026,ProTeam,Niklas,LARSEN,N. Larsen,DK,DEN,1997,29,73,55,58,76,61,73,66,66,66,160,404,985,TT,6.9,74.0,1.83,niklas-larsen
unibet-rose-rockets-2026,ProTeam,Tomáš,KOPECKÝ,T. Kopecký,CZ,CZE,2000,26,65,65,51,69,61,73,60,64,64,139,446,361,GC,6.7,73.0,1.91,tomas-kopecky
unibet-rose-rockets-2026,ProTeam,Joren,BLOEM,J. Bloem,NL,NED,1999,27,73,46,76,59,59,68,64,64,64,132,463,399,Sprint,1.3,,1.92,joren-bloem2
unibet-rose-rockets-2026,ProTeam,Odd Christian,EIKING,O. C. Eiking,NO,NOR,1994,32,64,70,51,68,66,74,57,66,66,113,524,2467,GC,0.0,75.0,1.81,odd-christian-eiking
unibet-rose-rockets-2026,ProTeam,Elmar,REINDERS,E. Reinders,NL,NED,1992,34,73,43,64,60,58,67,64,61,61,96,568,909,Oneday,7,78.1,1.9,elmar-reinders
unibet-rose-rockets-2026,ProTeam,Hartthijs,DE VRIES,H. de Vries,NL,NED,1996,30,73,47,76,57,60,68,66,64,64,73,679,507,Sprint,7.4,66.0,1.84,hartthijs-de-vries
unibet-rose-rockets-2026,ProTeam,Ronan,AUGÉ,R. Augé,FR,FRA,2004,22,70,42,77,51,57,64,63,60,64,65,729,97,Sprint,0.0,61.0,1.74,ronan-auge
unibet-rose-rockets-2026,ProTeam,Adrien,MAIRE,A. Maire,FR,FRA,2000,26,55,74,44,62,66,73,51,62,62,54,806,375,Climber,0.0,,,adrien-maire
unibet-rose-rockets-2026,ProTeam,Rory,TOWNSEND,R. Townsend,IE,IRL,1995,31,75,46,68,62,62,69,66,64,64,50,834,1104,Oneday,4.4,73.0,1.84,rory-townsend
unibet-rose-rockets-2026,ProTeam,Karsten Larsen,FELDMANN,K. L. Feldmann,NO,NOR,2003,23,61,52,58,52,65,62,55,58,61,49,845,79,Hills,0.0,,,karsten-larsen-feldmann
unibet-rose-rockets-2026,ProTeam,Sergio,MERIS,S. Meris,IT,ITA,2001,25,59,58,54,54,69,64,54,60,60,42,903,137,Hills,0.0,,1.8,sergio-meris
unibet-rose-rockets-2026,ProTeam,Wessel,MOURIS,W. Mouris,NL,NED,2002,24,65,50,50,70,55,67,58,60,62,42,905,131,TT,4.4,,1.88,wessel-mouris
unibet-rose-rockets-2026,ProTeam,Jannis,PETER,J. Peter,DE,GER,2000,26,54,72,40,62,61,70,48,60,60,38,948,158,GC,0.0,64.0,1.85,jannis-peter
unibet-rose-rockets-2026,ProTeam,Killian,VERSCHUREN,K. Verschuren,FR,FRA,2002,24,53,68,41,59,61,67,48,58,60,36,968,104,GC,0.0,54.0,1.65,killian-verschuren
unibet-rose-rockets-2026,ProTeam,Martijn,RASENBERG,M. Rasenberg,NL,NED,2001,25,69,35,74,51,50,61,57,57,57,17,1338,123,Sprint,0.0,78.0,1.94,martijn-rasenberg
unibet-rose-rockets-2026,ProTeam,Owen,GELEIJN,O. Geleijn,NL,NED,2001,25,57,51,53,51,63,60,51,56,56,14,1489,56,Hills,0.0,,1.86,owen-geleijn
unibet-rose-rockets-2026,ProTeam,Eivind Broholt,FOUGNER,E. B. Fougner,NO,NOR,2003,23,48,67,36,55,58,66,43,55,58,8,1780,53,Climber,0.0,,,eivind-broholt-fougner
unibet-rose-rockets-2026,ProTeam,Abram,STOCKMAN,A. Stockman,BE,BEL,1996,30,64,38,69,48,51,59,55,55,55,5,1979,117,Sprint,0.8,67.0,1.82,abram-stockman
unibet-rose-rockets-2026,ProTeam,Adam,ŤOUPALÍK,A. Ťoupalík,CZ,CZE,1996,30,57,55,51,53,65,62,52,57,57,5,1975,634,Hills,0.0,65.0,1.75,adam-toupalik
unibet-rose-rockets-2026,ProTeam,Colin,SAVIOZ,C. Savioz,FR,FRA,2004,22,40,67,30,49,55,61,40,50,54,0,,4,Climber,0.0,53.0,1.72,colin-savioz
